Image,Object,Ag107,Cytokeratin 5,Laminin,YBX1,H3K27Ac,area,centroid-0,centroid-1,major_axis_length,minor_axis_length,eccentricity
20210305_NE_mockData1_1.tiff,1,0.1927726864814758,0.1052631586790084,0.1052631586790084,0.3369243443012237,0.5397290587425232,19,4.2105263157894735,14.736842105263158,7.04688004885771,3.656010438296589,0.8548879722562877
20210305_NE_mockData1_1.tiff,2,0.0599222928285598,0.0563380271196365,0.0422535203397274,0.0985915511846542,0.7266358733177185,71,3.8732394366197194,32.57746478873239,11.741731486310613,8.07559637915011,0.7259298179602637
20210305_NE_mockData1_1.tiff,3,0.2360161691904068,0.0625,0.0,0.0,0.8590474128723145,16,5.125,7.8125,6.016463371806579,3.4626100698331315,0.8177859417099856
20210305_NE_mockData1_1.tiff,4,0.0625,0.0366175845265388,0.0,0.1439206153154373,0.7922499179840088,16,6.9375,22.6875,5.326818938165629,3.7416573867739418,0.7117639563193815
20210305_NE_mockData1_1.tiff,5,0.1598911434412002,0.0697674453258514,0.0,0.0232558138668537,0.9438848495483398,43,7.767441860465116,27.0,8.356574765200262,7.268920779753043,0.4933259653155538
20210305_NE_mockData1_1.tiff,6,0.0902439430356025,0.0810810774564743,0.1115398928523063,0.0948685929179191,0.4948690235614776,37,9.216216216216216,7.45945945945946,11.20596220405497,5.385487408891418,0.8769447235779225
20210305_NE_mockData1_1.tiff,7,0.1696117520332336,0.0769230797886848,0.0156524404883384,0.0501049943268299,0.6788256764411926,26,10.73076923076923,36.0,7.321711404937237,4.961591899160783,0.7353802779417754
20210305_NE_mockData1_1.tiff,8,0.0833333358168602,0.0,0.0,0.0,0.9646852016448976,12,12.166666666666666,14.583333333333334,4.270320962938327,3.813415352576645,0.450047958901315
20210305_NE_mockData1_1.tiff,9,0.1479199677705764,0.1428571492433548,0.2929242551326751,0.1428571492433548,0.6726185083389282,14,12.5,40.71428571428572,4.20883424647321,4.120630029101703,0.2036532699906393
20210305_NE_mockData1_1.tiff,10,0.1455816924571991,0.0,0.095238097012043,0.0476190485060215,0.5866250991821289,21,13.333333333333334,10.095238095238097,6.473388749701497,4.575395104557834,0.7074128217900072
20210305_NE_mockData1_1.tiff,11,0.1256048828363418,0.0416666679084301,0.0,0.0,0.8347964286804199,24,15.791666666666666,34.208333333333336,6.429100507328636,5.158595846847387,0.5968105190920522
20210305_NE_mockData1_1.tiff,12,0.1435484439134597,0.0714285746216774,0.0238095242530107,0.0476190485060215,0.4913870096206665,42,17.833333333333332,16.214285714285715,12.943632108947478,5.349446965767747,0.9106003975711432
20210305_NE_mockData1_1.tiff,13,0.1270208060741424,0.1073191910982132,0.0226690527051687,0.0731196179986,0.8725705742835999,58,18.55172413793104,39.37931034482759,9.718995273954931,8.429612816977542,0.4977269637589539
20210305_NE_mockData1_1.tiff,14,0.1333333402872085,0.0,0.0222222227603197,0.0338921584188938,0.5740737318992615,45,21.177777777777777,13.977777777777778,13.307715852484526,4.970133766180705,0.927639198700368
20210305_NE_mockData1_1.tiff,15,0.0714285746216774,0.0,0.0,0.0714285746216774,0.644111156463623,14,20.071428571428573,20.5,5.017655482782427,3.7643156392116826,0.6611950391450279
20210305_NE_mockData1_1.tiff,16,0.0370370373129844,0.1716407686471939,0.0740740746259689,0.0,0.6943333745002747,27,22.51851851851852,34.22222222222222,7.392337967915355,4.694593744335976,0.772461078001199
20210305_NE_mockData1_1.tiff,17,0.0460651516914367,0.0961538478732109,0.0276927780359983,0.0384615398943424,0.6958789229393005,52,25.03846153846154,42.38461538461539,10.483334328193644,6.58797969875786,0.7778709272655846
20210305_NE_mockData1_1.tiff,18,0.2468382567167282,0.0,0.0,0.0,0.5835644006729126,21,26.0,13.857142857142858,5.617789656021407,4.712658152645074,0.5443145459415236
20210305_NE_mockData1_1.tiff,19,0.0923076942563057,0.0573355071246624,0.0543682947754859,0.0461538471281528,0.7382485270500183,65,25.8,28.21538461538461,11.73117612835589,7.754722410457021,0.750354738162027
20210305_NE_mockData1_1.tiff,20,0.5678249597549438,0.094879575073719,0.0,0.048882920295,0.924772560596466,13,28.0,48.69230769230769,5.055900530816918,3.1378581622109447,0.784101278416771
20210305_NE_mockData1_1.tiff,21,0.2296156883239746,0.0399999991059303,0.0544353686273098,0.0473255552351474,0.7549322247505188,50,29.48,36.68,8.600286012716763,8.044270041431256,0.3537258891311581
20210305_NE_mockData1_1.tiff,22,0.1250896602869033,0.0,0.0399999991059303,0.0,0.6933776140213013,25,29.04,19.44,8.31977758100423,4.451752576527521,0.8448009370911965
20210305_NE_mockData1_1.tiff,23,0.0526315793395042,0.0,0.0823812708258628,0.0526315793395042,0.5958616137504578,19,30.26315789473684,23.26315789473684,6.155870112510924,3.932956145740927,0.76929374461065
20210305_NE_mockData1_1.tiff,24,0.1455496102571487,0.0943630263209343,0.0175438597798347,0.0,0.6323848962783813,57,31.859649122807017,52.75438596491228,9.37517581810548,8.281308494262724,0.4687648295320531
20210305_NE_mockData1_1.tiff,25,0.0839100033044815,0.0431034490466117,0.0372268743813037,0.0785524696111679,0.7656817436218262,116,35.87931034482759,42.03448275862069,17.597026369468473,9.3008803454058,0.8489031605890471
20210305_NE_mockData1_1.tiff,26,0.074879765510559,0.0526315793395042,0.0,0.0,1.005349040031433,19,34.63157894736842,47.94736842105263,6.253289763116841,3.992926063833453,0.7695952144702343
20210305_NE_mockData1_1.tiff,27,0.3020685017108917,0.0555555559694767,0.0730447247624397,0.1111111119389534,0.4513367414474487,18,35.77777777777778,15.77777777777778,7.26982259204992,3.3685620588491654,0.8861689090356533
20210305_NE_mockData1_1.tiff,28,0.1612903177738189,0.0322580635547637,0.0,0.0701817572116851,0.5874315500259399,31,36.83870967741935,18.548387096774192,12.388604944004232,3.835874706378975,0.9508573579127716
20210305_NE_mockData1_1.tiff,29,0.3048054873943329,0.1083680465817451,0.0557157434523105,0.0747652053833007,0.536132276058197,55,40.92727272727273,50.27272727272727,9.71124381752946,7.971468214825106,0.5711447609184499
20210305_NE_mockData1_1.tiff,30,0.3714972138404846,0.1178140193223953,0.0232558138668537,0.0,0.6487290263175964,43,46.86046511627907,53.95348837209303,8.083406585300356,6.886848626302249,0.5235848217048472
20210305_NE_mockData1_2.tiff,1,15.659465789794922,14.44306182861328,1.7607464790344238,7.271027088165283,3.2143819332122803,110,5.763636363636364,15.672727272727272,15.007331741045425,10.102638259352576,0.7394784968846836
20210305_NE_mockData1_2.tiff,2,12.559544563293455,0.3030067980289459,0.2612479329109192,2.5412914752960205,1.519237041473389,37,8.27027027027027,38.0,7.497747409470142,7.419398891577726,0.1441874501821181
20210305_NE_mockData1_2.tiff,3,20.256710052490234,10.831697463989258,1.6178196668624878,4.244433879852295,1.645746827125549,156,6.121794871794871,56.69871794871795,19.09592192583138,13.017333050740469,0.7316492282928229
20210305_NE_mockData1_2.tiff,4,12.62120246887207,23.648786544799805,1.0339717864990234,9.221278190612791,1.935600757598877,68,9.808823529411764,9.558823529411764,13.145950444211078,7.240593998507205,0.8346470767573589
20210305_NE_mockData1_2.tiff,5,23.96215057373047,26.192317962646484,1.0617820024490356,6.560516834259033,3.609054088592529,52,12.596153846153848,23.615384615384617,8.7965914308173,7.831727493384368,0.4553473243586368
20210305_NE_mockData1_2.tiff,6,19.918434143066406,3.2652037143707275,0.1691204309463501,3.888228178024292,3.266254186630249,37,11.864864864864863,29.83783783783784,8.232555364555948,6.790191279982775,0.5654281957799616
20210305_NE_mockData1_2.tiff,7,26.0881462097168,0.6560854911804199,0.6134691834449768,3.9658217430114746,2.7602648735046387,31,12.612903225806452,35.45161290322581,8.116011521306486,5.720808637852861,0.7093272530703155
20210305_NE_mockData1_2.tiff,8,15.539936065673828,26.635269165039062,1.1702550649642944,5.280404567718506,3.412841558456421,137,19.8978102189781,11.715328467153284,17.764759158409113,11.670694768047731,0.7539274640631227
20210305_NE_mockData1_2.tiff,9,16.31106948852539,0.2823864221572876,0.4415338337421417,4.273515701293945,2.2117927074432373,116,18.66379310344828,38.689655172413794,17.53889971987594,11.13256324983148,0.7727294319946035
20210305_NE_mockData1_2.tiff,10,13.167959213256836,4.168198108673096,1.099462628364563,3.5132429599761963,2.6505184173583984,179,20.8268156424581,50.737430167597765,19.830503034231768,12.722457114179369,0.7670728733882543
20210305_NE_mockData1_2.tiff,11,20.208471298217773,60.87688446044922,7.190793037414551,8.566537857055664,4.875662326812744,27,17.25925925925926,18.666666666666668,7.692816354244701,4.702712099847179,0.7913895728983317
20210305_NE_mockData1_2.tiff,12,14.063409805297852,14.852472305297852,0.913486123085022,7.140903949737549,5.831120491027832,84,19.84523809523809,26.48809523809524,12.16544197257717,9.206486367033309,0.6536769750623993
20210305_NE_mockData1_2.tiff,13,6.911780834197998,4.508018493652344,0.4424504041671753,3.2698044776916504,5.098708152770996,54,26.11111111111111,22.666666666666668,9.774628745891302,7.598722491134898,0.6290158934299914
20210305_NE_mockData1_2.tiff,14,9.15429973602295,1.045141577720642,0.5287527441978455,5.222892284393311,3.617879629135132,162,30.5,32.91975308641975,15.728241277022756,14.060746013022078,0.4481052285521803
20210305_NE_mockData1_2.tiff,15,17.676359176635742,8.811847686767578,0.4242342710494995,2.3975653648376465,4.383710861206055,148,32.527027027027025,53.608108108108105,14.29404211370584,13.413206451567731,0.3456122185566668
20210305_NE_mockData1_2.tiff,16,10.190329551696776,9.287752151489258,0.5048996210098267,5.005538463592529,2.7767391204833984,127,36.59842519685039,43.23622047244095,16.32026318593879,10.258222492514456,0.7777631850534567
20210305_NE_mockData1_2.tiff,17,9.745306015014648,11.5934476852417,0.8436488509178162,4.553407669067383,2.352194309234619,64,42.3125,28.015625,12.348356953701964,7.08531398697054,0.8190052864874378
20210305_NE_mockData1_2.tiff,18,8.378925323486328,14.819988250732422,0.3818231225013733,2.577864408493042,2.5594935417175293,97,42.56701030927835,34.74226804123711,17.87594617337414,10.007029147993636,0.828624942400766
20210305_NE_mockData1_3.tiff,1,4.433101654052734,2.1968321800231934,33.00433349609375,0.3193154036998749,5.041761875152588,41,1.5121951219512195,4.243902439024391,13.220095369243513,4.755664823193193,0.933056446133134
20210305_NE_mockData1_3.tiff,2,36.50868606567383,27.579540252685547,38.68739700317383,5.294572830200195,8.341825485229492,35,1.6285714285714286,14.371428571428572,9.385491443797411,5.043878827223317,0.8433196234584317
20210305_NE_mockData1_3.tiff,3,6.668282985687256,4.415909290313721,35.04119873046875,0.8224881887435913,8.172467231750488,81,4.37037037037037,21.74074074074074,11.207618520036291,10.31398628913378,0.3912941887633909
20210305_NE_mockData1_3.tiff,4,19.029376983642575,15.63692855834961,22.360742568969727,3.4787404537200928,4.222113132476807,68,6.323529411764706,5.691176470588236,12.113157944125833,7.542827188190344,0.7824630588033454
20210305_NE_mockData1_3.tiff,5,4.719515800476074,4.360863208770752,40.562774658203125,0.972693681716919,4.910394668579102,117,5.461538461538462,30.85470085470085,13.385176049459416,12.138673687504951,0.4214009931730655
20210305_NE_mockData1_3.tiff,6,14.917234420776367,28.230976104736328,2.886234998703003,6.242980003356934,4.995500087738037,37,10.81081081081081,19.64864864864865,9.477790841339008,5.276348343466994,0.830709218161409
20210305_NE_mockData1_3.tiff,7,18.17830848693848,25.77408218383789,2.2571775913238525,12.201410293579102,6.037275314331055,58,9.241379310344827,13.155172413793103,9.455138248430954,8.406080647748201,0.4578121670772581
20210305_NE_mockData1_3.tiff,8,11.69511604309082,35.17340469360352,1.639372944831848,6.297493934631348,5.834718227386475,95,13.452631578947368,35.67368421052632,16.90707693097918,7.535919640628279,0.8951695653697205
20210305_NE_mockData1_3.tiff,9,25.8706111907959,30.642078399658203,6.257092952728272,8.197457313537598,7.147202491760254,60,14.333333333333334,7.366666666666666,9.763724774204842,8.161339124883632,0.5489064713167212
20210305_NE_mockData1_3.tiff,10,8.719376564025879,34.21208572387695,1.2393758296966553,10.492914199829102,5.00203800201416,53,16.433962264150942,17.547169811320753,10.180944859558997,6.747296129268826,0.7488516018356162
20210305_NE_mockData1_3.tiff,11,14.529367446899414,40.50933074951172,0.8892343640327454,11.773201942443848,5.077193260192871,74,18.60810810810811,39.9054054054054,11.156572109472451,9.349703042156683,0.5456020016227953
20210305_NE_mockData1_3.tiff,12,27.31024169921875,7.714259624481201,43.2549934387207,1.919042944908142,4.856731414794922,14,19.785714285714285,3.928571428571429,6.078082465112322,2.820438393400498,0.8858172620003121
20210305_NE_mockData1_3.tiff,13,2.916033267974853,0.5111745595932007,89.51811981201172,0.542369544506073,5.383762359619141,19,20.26315789473684,1.105263157894737,7.098057942321631,3.629650141686649,0.8593676687099936
20210305_NE_mockData1_3.tiff,14,62.01907730102539,43.79312896728516,5.9170451164245605,9.432839393615724,9.0466947555542,26,21.0,8.307692307692308,7.684027762576932,5.524296110950404,0.6950800536364851
20210305_NE_mockData1_3.tiff,15,13.260525703430176,49.28166198730469,1.282026290893555,8.702289581298828,8.39208984375,35,19.97142857142857,13.142857142857142,9.48967302650083,4.887967706427914,0.8571404032243682
20210305_NE_mockData1_3.tiff,16,30.96368980407715,38.30523681640625,1.5939534902572632,6.842576503753662,5.447762966156006,53,25.9811320754717,10.358490566037736,10.152997135618357,8.217904276329783,0.5872484440615415
20210305_NE_mockData1_3.tiff,17,6.172743797302246,22.71790313720703,1.4036948680877686,5.462053298950195,2.8289995193481445,62,23.20967741935484,20.774193548387096,10.614258599498722,8.136667645708773,0.6421500220385696
20210305_NE_mockData1_3.tiff,18,8.61718463897705,52.28775787353516,1.3276383876800537,8.409208297729492,7.285788059234619,115,26.2,29.130434782608692,13.160456806450616,11.403038865149211,0.4992426154972635
20210305_NE_mockData1_3.tiff,19,16.754268646240234,28.513708114624023,1.0786826610565186,9.38929843902588,4.735422611236572,120,27.883333333333333,39.45,13.416770175830347,12.252856820805976,0.407401031425741
20210305_NE_mockData1_3.tiff,20,22.140323638916016,49.02671813964844,1.324792504310608,10.457978248596191,6.119229316711426,88,31.147727272727277,16.829545454545453,10.966982830955171,10.427340016367523,0.3098241796034228
20210305_NE_mockData1_3.tiff,21,20.267452239990234,39.43254852294922,1.007928729057312,12.13840103149414,7.423965454101562,64,34.90625,24.8125,9.618477916029118,9.261844178070591,0.2697798818147973
20210305_NE_mockData1_3.tiff,22,34.00394058227539,34.58290481567383,0.849957287311554,14.48364543914795,6.783763408660889,44,35.75,36.81818181818182,9.79170534456413,6.357024669102782,0.760595994773814
20210305_NE_mockData1_3.tiff,23,36.98963928222656,33.9551887512207,0.8918542265892029,13.340055465698242,6.895062446594238,51,37.80392156862745,31.94117647058824,10.70003336656585,7.171262783269312,0.742172069071339
20210305_NE_mockData2_1.tiff,1,0.3385300040245056,0.0215053763240575,4.725027561187744,6.0373969078063965,2.6653382778167725,93,8.548387096774194,50.29032258064516,14.996093807749318,8.244250933681013,0.8353227277950492
20210305_NE_mockData2_1.tiff,2,0.5915396809577942,0.0977411642670631,5.78268575668335,8.848054885864258,3.6473708152771,103,15.79611650485437,49.90291262135922,16.7570241019099,9.394163608271228,0.828079628278546
20210305_NE_mockData2_1.tiff,3,0.5046091079711914,0.06034692004323,1.971987009048462,8.7583646774292,3.487833261489868,258,15.065891472868216,36.26356589147287,19.670088329980675,17.54373550409068,0.4522343044617395
20210305_NE_mockData2_1.tiff,4,0.3360845148563385,0.0613810457289218,2.228942394256592,5.171751976013184,1.8035802841186523,163,20.06134969325153,71.63803680981596,19.444247127525117,11.223784763894136,0.8165822653831434
20210305_NE_mockData2_1.tiff,5,0.18557670712471,0.0403508841991424,1.0620691776275637,10.350098609924316,2.7302138805389404,51,24.0,43.94117647058823,13.360278333913849,5.067829282464031,0.9252652888047498
20210305_NE_mockData2_1.tiff,6,0.5039117932319641,0.0681178420782089,1.0197252035140991,8.568598747253418,5.534723281860352,267,27.220973782771537,27.89513108614232,20.951888789625816,17.21513146005746,0.56999152053909
20210305_NE_mockData2_1.tiff,7,0.3726891875267029,0.050918698310852,1.56657075881958,7.218643188476562,3.995295763015747,138,29.71014492753623,49.01449275362319,15.49721032853032,13.261981764957692,0.5173634961736505
20210305_NE_mockData2_1.tiff,8,0.4787563681602478,0.0877681151032447,6.1823906898498535,7.919637203216553,5.72705078125,166,25.795180722891565,58.493975903614455,20.050011128180188,11.209933431615068,0.829101163833371
20210305_NE_mockData2_1.tiff,9,0.3420863747596741,0.0233961157500743,0.8423749208450317,4.091455459594727,2.0853703022003174,72,28.36111111111111,16.180555555555557,13.544431831023212,7.567937302643336,0.829336838189805
20210305_NE_mockData2_1.tiff,10,0.4247376024723053,0.1111662909388542,7.173026084899902,6.778166770935059,4.912010192871094,179,30.93854748603352,68.53631284916202,21.306465370306235,12.341868900452114,0.8151466515435806
20210305_NE_mockData2_1.tiff,11,0.352042555809021,0.0800019428133964,0.9590895771980286,7.068417549133301,2.595734119415283,32,34.53125,19.625,7.760493771054482,5.339392421373859,0.725689587316102
20210305_NE_mockData2_1.tiff,12,0.3960563540458679,0.0681818202137947,1.566277265548706,9.537545204162598,2.4096243381500244,44,35.18181818181818,72.8409090909091,19.43196266326998,4.179107889940231,0.9766000445268112
20210305_NE_mockData2_1.tiff,13,0.4197890162467956,0.0441206917166709,1.6650640964508057,6.700777530670166,2.061485767364502,356,43.49438202247191,78.38764044943821,28.523572494584315,22.296292534329936,0.6236803057121173
20210305_NE_mockData2_1.tiff,14,0.2483399361371994,0.0767418667674064,0.8123517036437988,6.55088472366333,2.4277026653289795,105,39.08571428571429,29.066666666666663,17.124679092604495,8.989122476160524,0.8511502752596456
20210305_NE_mockData2_1.tiff,15,0.4158390462398529,0.0506184175610542,2.4548840522766118,8.305853843688965,3.1274657249450684,198,46.525252525252526,40.53030303030303,19.82001974358161,14.76381403206784,0.6671828162759557
20210305_NE_mockData2_1.tiff,16,0.2803385853767395,0.0,5.826257228851318,3.122739315032959,2.9289379119873047,33,44.39393939393939,22.90909090909091,8.726827250866307,5.63672753789605,0.763415257411265
20210305_NE_mockData2_1.tiff,17,0.5680524706840515,0.066126249730587,4.750315189361572,3.9077279567718506,2.6414384841918945,57,48.0,28.12280701754386,10.01796870623455,7.833512000672414,0.6233459937024178
20210305_NE_mockData2_1.tiff,18,0.2484194487333297,0.0138888889923691,5.918909549713135,8.475552558898926,2.9429714679718018,72,55.47222222222222,42.06944444444444,12.931148095008568,7.120105530967695,0.8347582269127096
20210305_NE_mockData2_1.tiff,19,0.2060803771018982,0.0508474558591842,3.0760955810546875,7.702795028686523,2.56915020942688,118,56.00847457627118,53.75423728813559,16.438769924087584,10.19068951429519,0.7846665933246347
20210305_NE_mockData2_1.tiff,20,0.4578999578952789,0.0588235296308994,18.59446907043457,7.096139430999756,6.575672149658203,34,59.3235294117647,46.1764705882353,9.759464883737651,5.487189313954334,0.826972177197387
20210305_NE_mockData2_1.tiff,21,0.5004146695137024,0.0696283355355262,5.899054050445557,6.233347415924072,3.046426296234131,398,61.246231155778894,75.96733668341709,36.32111877801271,15.565399006637367,0.9035182818196557
20210305_NE_mockData2_1.tiff,22,0.1998974680900573,0.0751125961542129,50.78815078735352,3.364053249359131,4.8313188552856445,308,66.21753246753246,39.67857142857143,32.755391514935354,16.56780979206669,0.8626483986984312
20210305_NE_mockData2_1.tiff,23,0.1963427364826202,0.054234854876995,11.389378547668455,7.932553768157959,3.453465461730957,84,66.60714285714286,58.845238095238095,11.625397237160009,10.042642790900448,0.503742721508005
20210305_NE_mockData2_1.tiff,24,0.513557493686676,0.0845093876123428,12.52286434173584,6.091073989868164,2.050789594650269,72,72.38888888888889,70.59722222222223,14.47829148440571,6.618767864056281,0.8893890091029605
20210305_NE_mockData2_1.tiff,25,0.3613128066062927,0.0338983051478862,23.497886657714844,5.720973491668701,4.935523509979248,118,74.37288135593221,56.94915254237288,17.993465910997337,8.879781806395721,0.8697455950296901
20210305_NE_mockData2_1.tiff,26,0.425153374671936,0.1006766036152839,68.4385986328125,2.45369291305542,3.0250065326690674,89,79.1685393258427,48.056179775280896,12.360528800012291,10.293118871175464,0.5536627670014371
20210305_NE_mockData2_2.tiff,1,0.258620947599411,0.0462626926600933,10.174903869628906,7.470121383666992,2.6299073696136475,146,5.602739726027397,37.465753424657535,14.416619887577326,13.26136604986018,0.3922315320069058
20210305_NE_mockData2_2.tiff,2,0.2277134507894516,0.0509993992745876,0.4963034987449646,5.411640644073486,3.184667587280273,162,14.407407407407408,27.0,19.52132957810035,11.122894807417468,0.8217961453941732
20210305_NE_mockData2_2.tiff,3,0.2001642435789108,0.0912601128220558,0.3402108550071716,4.784585475921631,6.388152122497559,160,22.85625,20.70625,18.872776433980118,12.333169084748857,0.7569352216732639
20210305_NE_mockData2_2.tiff,4,0.073738157749176,0.0685110762715339,0.3184256553649902,2.3521554470062256,13.313712120056152,42,25.11904761904762,29.88095238095238,11.548101166456105,5.336062124430376,0.8868420563059903
20210305_NE_mockData2_2.tiff,5,0.1141856163740158,0.0528455153107643,0.1689230948686599,3.1408653259277344,10.039520263671877,69,30.39130434782609,32.53623188405797,11.84166865829901,7.954557712846939,0.7407842991587993
20210305_NE_mockData2_2.tiff,6,0.1376066952943802,0.0636375993490219,0.4172239899635315,3.858231067657471,8.081798553466797,125,30.12,8.416,15.8642597782628,11.489733055549776,0.6895346397778397
20210305_NE_mockData2_2.tiff,7,0.1412060856819152,0.0470839403569698,1.2454681396484375,4.303672790527344,1.864569067955017,331,19.063444108761328,54.16012084592145,48.71054329389531,10.309055655849756,0.9773478860531551
20210305_NE_mockData2_2.tiff,8,0.0612444691359996,0.038961037993431,0.6436259746551514,3.8536934852600098,3.769987344741821,77,39.285714285714285,10.675324675324676,14.736496539129291,7.86237548162311,0.845780607017053
20210305_NE_mockData2_2.tiff,9,0.0863100513815879,0.0294117648154497,0.2348205298185348,2.9004898071289062,4.946472644805908,68,37.97058823529412,37.27941176470589,13.883569459260944,7.036542834093737,0.8620488496097312
20210305_NE_mockData2_2.tiff,10,0.1937545090913772,0.0281690135598182,0.1571283340454101,2.633264780044556,7.012786865234375,71,42.83098591549296,35.028169014084504,14.787575955700436,7.223696626416576,0.8725651903438452
20210305_NE_mockData2_2.tiff,11,0.0753008350729942,0.0317460335791111,0.9205665588378906,2.735663652420044,4.188313961029053,126,46.23015873015873,14.531746031746032,16.462572398253037,10.8756032736308,0.7507151886751167
20210305_NE_mockData2_2.tiff,12,0.1136559545993805,0.0315789468586444,0.4200394451618194,5.41130256652832,2.402940034866333,95,45.29473684210527,53.694736842105264,14.109782393577962,9.13820762457337,0.7619375496862935
20210305_NE_mockData2_2.tiff,13,0.1119779273867607,0.0599775835871696,1.1808494329452517,4.488386631011963,6.879007339477539,167,51.5688622754491,44.82634730538922,17.325783571389767,12.753825500646505,0.6768529533589465
20210305_NE_mockData2_2.tiff,14,0.2419081032276153,0.0625,12.281063079833984,5.352715969085693,3.0897860527038574,32,52.03125,55.5625,9.756796209581806,4.384837821937103,0.893323755440148
20210305_NE_mockData2_2.tiff,15,0.1371981799602508,0.0708933845162391,0.4088758528232574,3.010004758834839,4.574994087219238,153,56.2875816993464,32.7124183006536,20.06493395389536,10.826330785825798,0.8419441168989134
20210305_NE_mockData2_3.tiff,1,0.357260912656784,0.0684845000505447,0.2476131916046142,4.049644947052002,3.998099565505981,112,4.044642857142857,45.0625,16.010919387766045,9.2650842893667,0.8155597692933733
20210305_NE_mockData2_3.tiff,2,0.1556576788425445,0.0540540553629398,0.5617809891700745,4.745460510253906,4.471055507659912,37,9.18918918918919,49.4054054054054,8.191165034666831,5.934306312936441,0.6892995338362038
20210305_NE_mockData2_3.tiff,3,0.3663787841796875,0.0434782616794109,18.24356842041016,4.573925495147705,5.2670979499816895,46,8.41304347826087,12.347826086956522,8.183183057256228,7.531131037976299,0.3911709280577587
20210305_NE_mockData2_3.tiff,4,0.2416656166315078,0.0404040403664112,7.180903911590576,4.6219096183776855,9.631064414978027,99,15.444444444444445,18.13131313131313,11.895868410986209,10.862846112117712,0.4075984846966736
20210305_NE_mockData2_3.tiff,5,0.2785544693470001,0.0455470643937587,8.059657096862793,5.439004898071289,5.184131145477295,159,18.40880503144654,7.40251572327044,15.558884800361197,14.457076386583005,0.369615950448125
20210305_NE_mockData2_3.tiff,6,0.2340716272592544,0.0946200937032699,0.2342054843902588,6.201203346252441,3.730710506439209,64,16.328125,47.046875,14.521570241714878,6.353438849547615,0.899209971751025
20210305_NE_mockData2_3.tiff,7,0.1893748641014099,0.0744470432400703,0.887407660484314,4.675581932067871,6.221020698547363,150,17.833333333333332,30.39333333333333,16.34587426521292,12.563408731323456,0.6397318835160467
20210305_NE_mockData2_3.tiff,8,0.1624655723571777,0.0834305360913276,1.4402000904083252,5.269267559051514,3.4402079582214355,210,16.62857142857143,38.51904761904762,31.011780522978583,10.960497586485715,0.9354609259677164
20210305_NE_mockData2_3.tiff,9,0.1474192142486572,0.0153846153989434,0.2971241176128387,4.627044200897217,4.165298938751221,65,25.138461538461534,47.67692307692308,10.677350098899346,8.073823189854796,0.6543826498618243
20210305_NE_mockData2_3.tiff,10,0.1508417576551437,0.043562177568674,0.4821118414402008,6.993612289428711,2.466680765151977,214,28.626168224299064,23.570093457943926,19.94179838362804,14.627166158571216,0.6796971872544535
20210305_NE_mockData2_3.tiff,11,0.5656869411468506,0.0,0.4582885503768921,5.779397010803223,6.9281511306762695,16,29.1875,50.8125,5.244535484642193,3.9204397139005818,0.6642297420901242
20210305_NE_mockData2_3.tiff,12,0.2554704546928406,0.0487625524401664,1.086863398551941,6.439634323120117,3.6951773166656494,182,30.571428571428573,6.5054945054945055,16.804844922425335,14.292805960200925,0.5259475886259745
20210305_NE_mockData2_3.tiff,13,0.2812987864017486,0.088796816766262,0.5096696019172668,7.960263252258301,2.149154663085937,219,36.87214611872146,45.49771689497717,24.025490431899843,13.115330615780977,0.8378553450879088
20210305_NE_mockData2_3.tiff,14,0.1489175409078598,0.0560718178749084,0.4674842357635498,7.449044704437256,3.7861711978912354,213,42.27699530516432,15.826291079812206,20.23463717830172,15.157521159629631,0.6624706565238287
20210305_NE_mockData2_3.tiff,15,0.2349151074886322,0.0450286157429218,0.4838659167289734,6.192927360534668,2.9131972789764404,212,42.9245283018868,36.66509433962264,21.673458039944308,13.686449077831927,0.7753886405888023
20210305_NE_mockData2_3.tiff,16,0.1278232336044311,0.075994573533535,0.606195867061615,8.475050926208496,2.072654962539673,93,46.634408602150536,23.365591397849464,18.771068090741142,6.9292956191285,0.9293707627450688
20210305_NE_mockData3_1.tiff,1,0.1879885643720626,18.742828369140625,10.783485412597656,5.360048770904541,4.050706386566162,76,6.0,45.21052631578947,12.98594040043727,8.125554239230974,0.7800482612979748
20210305_NE_mockData3_1.tiff,2,0.2047028392553329,3.957294225692749,40.28133773803711,2.314416646957397,3.9933559894561768,26,8.23076923076923,32.19230769230769,9.772904443444018,3.79883760401508,0.921359640886744
20210305_NE_mockData3_1.tiff,3,0.1428571492433548,27.25968742370605,0.8473950624465942,7.782463550567627,3.957763671875,21,12.19047619047619,47.04761904761905,6.046881155981271,4.467807670764744,0.6738573190039855
20210305_NE_mockData3_1.tiff,4,0.2197268307209015,22.358871459960938,1.6490883827209473,11.416834831237791,11.544815063476562,98,11.43877551020408,38.85714285714285,12.793355028145765,10.235227795792945,0.599943323347139
20210305_NE_mockData3_1.tiff,5,0.2681770324707031,10.091635704040527,13.51286792755127,6.636124610900879,12.02478313446045,62,14.403225806451612,28.20967741935484,11.97310865985491,6.959637380930273,0.8137090505018607
20210305_NE_mockData3_1.tiff,6,0.147949531674385,29.517528533935547,1.7058570384979248,8.286198616027832,2.833702325820923,34,17.705882352941178,44.70588235294117,8.601456131108261,5.857099099730725,0.7323366615287945
20210305_NE_mockData3_1.tiff,7,0.1136167868971824,20.927549362182617,11.739044189453123,7.535027503967285,2.31892466545105,99,17.272727272727273,50.85858585858586,16.055311956107634,8.572315017826018,0.8455325262103677
20210305_NE_mockData3_1.tiff,8,0.2005593478679657,31.697404861450195,1.352792739868164,9.884902000427246,6.324437618255615,51,20.37254901960784,39.490196078431374,12.77757184433484,5.141303742057096,0.9154774038324236
20210305_NE_mockData3_1.tiff,9,0.2240152806043625,15.76705265045166,0.7242726683616638,10.16319751739502,17.510093688964844,69,20.318840579710145,32.6231884057971,11.550966800433926,8.876529013050575,0.6398902301015104
20210305_NE_mockData3_1.tiff,10,0.2112078815698623,11.720280647277832,6.372707843780518,9.00472354888916,9.442885398864746,94,23.93617021276596,23.361702127659573,13.650902382743128,10.603329270343114,0.6298098756040373
20210305_NE_mockData3_1.tiff,11,0.1572674363851547,15.265889167785645,32.73005676269531,6.247758388519287,3.727203130722046,48,23.8125,53.8125,10.547332523350123,6.503494699663203,0.787275893989275
20210305_NE_mockData3_1.tiff,12,0.3201320767402649,33.253902435302734,0.384973794221878,7.700686454772949,4.385444641113281,54,27.09259259259259,33.05555555555556,13.944272464351634,5.738141168373494,0.9114073943939356
20210305_NE_mockData3_1.tiff,13,0.0666666701436042,12.455106735229492,43.71317672729492,2.373135805130005,3.100350379943848,30,28.8,53.96666666666667,7.350823294041136,6.468458274993955,0.4750407775841079
20210305_NE_mockData3_1.tiff,14,0.2575090527534485,30.444786071777344,23.934389114379883,6.319780826568604,4.508931636810303,45,32.28888888888889,49.95555555555556,11.935035939056178,5.007683340835298,0.907719098733036
20210305_NE_mockData3_1.tiff,15,0.223649799823761,14.92502498626709,0.7939356565475464,7.102365016937256,4.530511379241943,117,33.21367521367522,24.205128205128204,13.687300353370231,11.53394260323662,0.5384229203074336
20210305_NE_mockData3_1.tiff,16,0.0752299353480339,19.393354415893555,1.598294377326965,6.388529300689697,4.31271505355835,113,31.02654867256637,43.92920353982301,16.07529425955436,9.99325394213765,0.7832928072280461
20210305_NE_mockData3_1.tiff,17,0.2470705211162567,12.01618480682373,1.1152586936950684,3.689829587936402,3.783559560775757,27,41.81481481481482,19.074074074074076,7.912441379217956,4.506921192544081,0.8219225145503708
20210305_NE_mockData3_1.tiff,18,0.2453449219465255,20.42430686950684,0.522110641002655,10.074514389038086,4.68688440322876,73,42.10958904109589,45.86301369863013,10.954648494068586,9.104973177901869,0.5560459382113567
20210305_NE_mockData3_1.tiff,19,0.1194715350866317,9.191851615905762,17.555381774902344,2.940403699874878,2.67913031578064,124,40.16935483870968,13.32258064516129,19.788268582816297,9.029197284449236,0.8898309149206278
20210305_NE_mockData3_1.tiff,20,0.2832186818122864,32.198036193847656,0.4098284542560577,9.582056045532228,4.211234092712402,64,45.21875,39.90625,11.404580908312662,7.584806148198537,0.746784026798945
20210305_NE_mockData3_1.tiff,21,0.3290081322193146,22.635337829589844,0.7950596213340759,9.554402351379396,8.107816696166992,52,45.26923076923077,21.173076923076923,12.68960360245905,5.666051352330932,0.8947779961524971
20210305_NE_mockData3_1.tiff,22,0.3937683701515198,32.481502532958984,0.5176630020141602,10.284878730773926,3.4071855545043945,55,46.18181818181818,32.38181818181818,10.100798947863026,7.749698546201522,0.6413646559049466
20210305_NE_mockData3_1.tiff,23,0.8323692679405212,20.392200469970703,0.3856600522994995,10.31657886505127,6.985835075378418,29,46.89655172413793,25.724137931034484,7.598672177373739,5.745371123376162,0.6544538081070185
20210305_NE_mockData3_2.tiff,1,0.3211690783500671,9.991604804992676,3.986541986465454,9.484546661376951,6.391992092132568,125,8.32,24.552,13.011949434171628,12.493178455563688,0.2795498233375497
20210305_NE_mockData3_2.tiff,2,0.3281886279582977,15.531001091003418,2.183157444000244,6.74128532409668,6.404273986816406,39,11.23076923076923,16.923076923076923,9.280371741021735,5.791661195347984,0.7813633078884812
20210305_NE_mockData3_2.tiff,3,0.3389686048030853,15.161903381347656,4.947880268096924,8.58228874206543,4.502054214477539,76,16.43421052631579,12.407894736842104,12.103848333571426,8.622325727277016,0.7018118664697478
20210305_NE_mockData3_2.tiff,4,0.412301629781723,37.87244415283203,0.2470566928386688,9.97417449951172,8.761096954345703,63,17.841269841269842,22.984126984126984,11.159640519972216,8.11082158232928,0.6868496418424798
20210305_NE_mockData3_2.tiff,5,0.3933410346508026,18.81100082397461,0.3259460031986236,9.204045295715332,2.392498254776001,35,15.857142857142858,32.91428571428571,10.850676846022749,4.851084009251792,0.8944956619452377
20210305_NE_mockData3_2.tiff,6,0.2446451634168625,22.7813720703125,0.0669519677758216,6.536448955535889,6.534122943878174,25,18.64,28.28,8.298733060252161,4.015349249402573,0.8751504619972112
20210305_NE_mockData3_2.tiff,7,0.2139118611812591,19.382436752319336,6.75103235244751,6.192008018493652,3.0103816986083984,142,25.556338028169016,11.30281690140845,16.45300913766676,12.757995650636762,0.6314455733194281
20210305_NE_mockData3_2.tiff,8,0.4737903475761413,41.74520111083984,0.1875,9.353370666503906,8.721502304077148,16,23.6875,25.9375,5.326818938165629,3.7416573867739418,0.7117639563193815
20210305_NE_mockData3_2.tiff,9,0.3247545659542084,12.805275917053224,0.567880392074585,8.288734436035156,7.525623798370361,115,24.191304347826087,35.869565217391305,16.30027745699403,9.370613792070136,0.8182415985172075
20210305_NE_mockData3_2.tiff,10,0.2341840863227844,19.17682647705078,0.6887125968933105,12.442431449890137,7.412130355834961,34,25.029411764705884,20.676470588235293,7.436713991350426,6.245534700565991,0.5428579819949315
20210305_NE_mockData3_2.tiff,11,0.2000000029802322,6.399677276611328,3.7188174724578857,15.061572074890137,15.966814041137695,5,29.2,33.4,3.098386676965933,1.7888543819998317,0.816496580927726
20210305_NE_mockData3_2.tiff,12,0.2218028604984283,17.28348159790039,2.859957218170166,10.913283348083496,8.139678001403809,90,30.83333333333333,27.822222222222223,12.245342229221151,9.392155308744323,0.6416492645255685
20210305_NE_mockData3_2.tiff,13,0.0370370373129844,12.05917263031006,1.3265401124954224,9.329005241394045,3.098683357238769,54,30.59259259259259,19.296296296296298,10.89895608739796,6.91513313094465,0.7729420304616751
20210305_NE_mockData3_2.tiff,14,0.4420605301856994,24.132665634155277,0.702342689037323,10.12016773223877,6.368149757385254,40,31.55,37.375,10.526073688464072,5.226066657154723,0.8680437273909343
20210305_NE_mockData3_2.tiff,15,0.0697674453258514,35.11869812011719,1.7041956186294556,6.781186103820801,7.381311416625977,43,36.2093023255814,34.69767441860465,10.018834771406672,5.537952746121705,0.8333443599652133
20210305_NE_mockData3_2.tiff,16,0.5370697975158691,34.3092041015625,2.773669481277466,7.624895095825195,4.623518943786621,191,36.047120418848166,46.916230366492144,17.559931493869577,14.132634908495532,0.5935150436066177
20210305_NE_mockData3_2.tiff,17,0.0827537402510643,8.23093318939209,1.1628741025924685,5.708330631256104,4.649502754211426,82,39.4390243902439,19.07317073170732,13.598592072626436,9.053039941963387,0.7461894838290246
20210305_NE_mockData3_2.tiff,18,0.2469465434551239,30.55351448059082,14.529335021972656,5.012251853942871,6.159556865692139,73,41.86301369863013,36.24657534246575,12.83176449920324,8.175567795832716,0.7707521266061198
20210305_NE_mockData3_2.tiff,19,0.1733226031064987,6.833943843841553,20.509281158447266,5.73935604095459,4.012855052947998,75,44.88,23.33333333333333,16.123694093257633,6.46567689232441,0.916076002055798
20210305_NE_mockData3_2.tiff,20,0.7557762265205383,45.4956283569336,1.1295934915542605,8.539578437805176,3.19602632522583,80,46.975,45.6625,13.877479694438032,7.706040314614255,0.8316560865464772
20210305_NE_mockData3_2.tiff,21,0.1997540444135666,20.34528160095215,0.7119830250740051,4.44575834274292,4.556794166564941,80,46.225,4.275,15.119134847622805,7.334286704199515,0.874458889839879
20210305_NE_mockData3_2.tiff,22,0.2194674909114837,16.065526962280273,0.808609664440155,6.746459484100342,2.730325937271118,63,50.888888888888886,8.80952380952381,13.277887094703749,7.1224439892085325,0.8439550131012975
20210305_NE_mockData3_3.tiff,1,0.1947746872901916,12.869784355163574,51.31415939331055,1.3252317905426023,3.848504304885864,38,9.473684210526317,26.105263157894736,8.661104191573612,5.97865176714526,0.7235352085610198
20210305_NE_mockData3_3.tiff,2,0.3904700875282287,24.863866806030277,11.942441940307615,2.5902416706085205,3.955303192138672,110,8.290909090909091,16.818181818181817,16.267820009028924,9.054509807621695,0.8307871611698248
20210305_NE_mockData3_3.tiff,3,0.2737205326557159,52.62723159790039,0.7469572424888611,3.806941032409668,2.828326940536499,176,14.875,8.352272727272727,18.79669261810612,12.83084672233951,0.7307810520257736
20210305_NE_mockData3_3.tiff,4,0.4203514158725738,66.51141357421875,19.80095863342285,4.431481838226318,6.157506465911865,96,17.864583333333332,23.15625,11.813900508445872,10.507825353774743,0.4570404724455293
20210305_NE_mockData3_3.tiff,5,0.6200507283210754,118.65254974365234,0.3626960515975952,4.684088230133057,2.008710622787476,138,21.797101449275363,65.89855072463769,18.735816691326907,9.946276950041415,0.8474534714882088
20210305_NE_mockData3_3.tiff,6,0.3718321025371551,105.6829833984375,3.380157232284546,3.52881407737732,1.8115848302841189,113,19.884955752212388,54.4070796460177,16.306831440062595,10.351486253229265,0.7726810428297887
20210305_NE_mockData3_3.tiff,7,0.2401269227266311,68.91089630126953,1.0950977802276611,4.262629985809326,2.5117406845092773,131,24.46564885496183,10.748091603053435,15.881826689531415,11.453881036791907,0.6927329566553772
20210305_NE_mockData3_3.tiff,8,0.1180635169148445,19.706716537475582,26.189151763916016,1.9295839071273804,2.254064083099365,30,26.566666666666663,26.766666666666666,11.665655746769447,4.103281667435148,0.936097610459312
20210305_NE_mockData3_3.tiff,9,0.4925531446933746,59.10171127319336,0.4093243479728699,3.8408586978912354,2.5329086780548096,51,31.11764705882353,14.294117647058824,10.014437213821369,6.488875939502137,0.7616810586793186
20210305_NE_mockData3_3.tiff,10,0.2873993813991546,36.74493789672852,3.5397768020629883,3.7157909870147705,4.036823749542236,77,28.32467532467533,21.506493506493506,11.903384585916683,9.02802595087122,0.6517406250852158
20210305_NE_mockData3_3.tiff,11,0.4912158250808716,216.29759216308597,0.5720222592353821,3.874719858169556,2.878938913345337,153,29.366013071895424,58.73856209150327,21.72177771605427,10.343726927500205,0.8793415780340479
20210305_NE_mockData3_3.tiff,12,0.3284197747707367,48.86474990844727,0.6689758896827698,4.552608013153076,3.892749786376953,63,32.74603174603175,47.01587301587302,9.720970490172803,8.354641634206546,0.5112278470304892
20210305_NE_mockData3_3.tiff,13,0.2162558287382125,31.141700744628903,9.546062469482422,3.84248423576355,2.401449680328369,57,35.10526315789474,21.789473684210527,15.81766158209136,4.603895875888076,0.956704660749762
20210305_NE_mockData3_3.tiff,14,0.3432587385177612,17.502370834350586,1.0111342668533323,4.043388843536377,3.6135213375091553,37,38.24324324324324,42.62162162162162,8.291168223371155,6.461335748880895,0.6266467746770207
20210305_NE_mockData3_3.tiff,15,0.4364617466926574,119.61507415771484,0.6032960414886475,4.597097873687744,3.874816417694092,145,37.710344827586205,60.98620689655172,19.827759681120035,10.414711914783863,0.8509423248773765
20210305_NE_mockData3_3.tiff,16,0.2485486268997192,41.33729934692383,1.3242368698120115,4.823091983795166,7.945111274719238,94,41.319148936170215,48.2872340425532,15.40639959849511,9.47289045563278,0.7886306313423224
20210305_NE_mockData4_1.tiff,1,0.3757364749908447,0.0530068539083004,26.83936882019043,3.9648125171661377,13.28444480895996,58,3.362068965517241,8.086206896551724,11.914606121102082,6.9156165265387495,0.8143088488107688
20210305_NE_mockData4_1.tiff,2,0.3855797946453094,0.097305804491043,50.17815399169922,5.971495151519775,14.254450798034668,91,3.2857142857142856,18.791208791208792,13.312894979052317,9.465641518725128,0.7031788541388238
20210305_NE_mockData4_1.tiff,3,0.390118658542633,0.0699950829148292,11.139657020568848,7.741008758544922,14.312764167785645,49,9.0,7.061224489795919,12.108932524930893,5.3535704788270655,0.8969571631182462
20210305_NE_mockData4_1.tiff,4,0.3938325643539428,0.092663750052452,33.67842102050781,6.706560134887695,16.029245376586914,70,7.8428571428571425,24.742857142857144,12.963049799114987,7.2421775609296,0.8293842921163567
20210305_NE_mockData4_1.tiff,5,0.2533069849014282,0.0476190485060215,3.230209827423096,5.763889312744141,20.35292053222656,42,10.261904761904765,13.261904761904765,8.355433753001112,6.502109638190943,0.6280297136349067
20210305_NE_mockData4_1.tiff,6,0.1333333402872085,0.0,1.3586905002593994,3.666550874710083,22.14642906188965,15,11.733333333333333,18.133333333333333,4.618802153517007,4.462186808181737,0.2581988897471613
20210305_NE_mockData4_1.tiff,7,0.3396539092063904,0.1017325147986412,12.985794067382812,8.897605895996094,8.929726600646973,132,16.674242424242426,26.76515151515152,16.953573774087825,10.206752937364284,0.7984648882248188
20210305_NE_mockData4_1.tiff,8,0.4182823598384857,0.0357142873108387,16.927894592285156,6.723555564880371,10.78922176361084,84,16.61904761904762,7.178571428571429,11.207815785603874,9.920171804289794,0.4653781442690311
20210305_NE_mockData4_1.tiff,9,0.1149939447641372,0.1147490218281745,11.254250526428224,7.839485168457031,13.363968849182127,73,17.63013698630137,17.45205479452055,11.346937463156427,8.653581087605069,0.6468280980731173
20210305_NE_mockData4_1.tiff,10,0.479339599609375,0.0,16.2867431640625,6.380662441253662,4.042673110961914,70,23.728571428571428,13.842857142857143,12.345842503995522,7.713106352257269,0.7808221710903172
20210305_NE_mockData4_2.tiff,1,0.4309279024600982,0.0750147700309753,13.996956825256348,4.288492679595947,5.884204864501953,81,8.37037037037037,17.08641975308642,15.231421623069018,6.868114403694668,0.8925656376042291
20210305_NE_mockData4_2.tiff,2,0.2999884486198425,0.077609971165657,10.90034294128418,5.123924732208252,7.6984710693359375,69,11.144927536231885,29.144927536231883,10.690289118117777,8.371921471660997,0.6218538600049334
20210305_NE_mockData4_2.tiff,3,0.4024569988250732,0.0588235296308994,10.792561531066896,4.474925518035889,5.7973222732543945,68,15.691176470588236,10.132352941176473,11.447243069687264,7.78242651334896,0.7333497135429977
20210305_NE_mockData4_2.tiff,4,0.4985338151454925,0.1808105260133743,4.276167869567871,5.060155391693115,14.985522270202637,54,13.333333333333334,19.925925925925927,14.014287499977302,5.130961818957132,0.93056621857793
20210305_NE_mockData4_2.tiff,5,0.4430636763572693,0.0843373462557792,11.376809120178224,5.21728515625,10.66929054260254,83,13.963855421686748,35.433734939759034,15.483104844949684,7.72660189407021,0.8665821774925047
20210305_NE_mockData4_2.tiff,6,0.24031363427639,0.0204081628471612,0.404394119977951,4.116844654083252,22.690683364868164,49,17.632653061224488,23.244897959183675,9.351349858060289,7.013462577894821,0.6614438680897895
20210305_NE_mockData4_2.tiff,7,0.0799999982118606,0.1856945604085922,0.7717559933662415,4.212334632873535,13.647051811218262,25,18.92,29.32,7.031488052394224,4.801809634818656,0.7305110117886631
20210305_NE_mockData4_2.tiff,8,0.2812590599060058,0.0816922113299369,34.24204635620117,4.866725921630859,14.717594146728516,98,17.346938775510203,42.295918367346935,15.904464270004356,7.931251014068952,0.8667857040125302
20210305_NE_mockData4_2.tiff,9,0.3268222510814667,0.1083918884396553,2.145660877227783,5.065591335296631,15.114795684814451,69,21.26086956521739,15.043478260869565,14.03530682791052,7.185415788497679,0.8590135307514543
20210305_NE_mockData4_2.tiff,10,0.2857142984867096,0.0,0.976862609386444,5.125881671905518,18.4985408782959,7,20.571428571428573,36.71428571428572,4.155374705678736,1.9054711331003735,0.8886656215775005
20210305_NE_mockData4_2.tiff,11,0.5088785886764526,0.0232558138668537,32.919090270996094,7.012228965759277,18.978988647460938,43,23.930232558139537,37.55813953488372,11.744268182707405,4.830688405030058,0.9114896240783522
20210305_NE_mockData4_2.tiff,12,0.4028681516647339,0.0384615398943424,3.440260648727417,7.861554145812988,11.796168327331545,26,25.615384615384617,14.23076923076923,7.264415894972137,4.641959535809754,0.7692069882322244
20210305_NE_mockData4_2.tiff,13,0.3253140151500702,0.057779423892498,0.7465737462043762,5.764702796936035,22.415752410888672,90,25.166666666666668,26.55555555555556,12.524662030742313,9.468961721192574,0.6545423617033229
20210305_NE_mockData4_2.tiff,14,0.281382143497467,0.0805065929889679,33.58818054199219,5.621520519256592,19.019073486328125,88,29.681818181818183,37.70454545454545,14.11782986763826,9.097321583505249,0.7647010045262912
20210305_NE_mockData4_2.tiff,15,0.3097112476825714,0.0322580635547637,13.809969902038574,6.910688400268555,27.462064743041992,62,31.161290322580644,17.758064516129032,11.65630852899899,7.383742236591932,0.7737798601190412
20210305_NE_mockData4_2.tiff,16,0.0430107526481151,0.0645161271095275,125.90996551513672,1.2419190406799316,4.176772117614746,93,36.483870967741936,45.924731182795696,19.428150617577437,7.370422150342712,0.925245796327274
20210305_NE_mockData4_2.tiff,17,0.1523233950138092,0.0596174746751785,16.807619094848633,4.0404253005981445,37.531986236572266,49,32.97959183673469,23.551020408163264,9.421454170520448,6.887146438775234,0.6823702480759534
20210305_NE_mockData4_2.tiff,18,0.2275097370147705,0.0291970800608396,8.384044647216797,4.417185306549072,11.53139591217041,137,31.474452554744527,9.583941605839415,19.98174315436252,9.046161398236809,0.891652059139832
20210305_NE_mockData4_2.tiff,19,0.2037253230810165,0.0769230797886848,18.394207000732425,5.6691203117370605,26.45903778076172,39,33.56410256410256,29.487179487179485,8.741433453705833,5.83807054343805,0.7442851965154245
20210305_NE_mockData4_2.tiff,20,0.1256800144910812,0.0666274353861808,65.7049331665039,3.836978912353516,11.053518295288086,112,38.82142857142857,37.50892857142857,18.269682818106112,8.863653478735758,0.8744273961099472
20210305_NE_mockData4_2.tiff,21,0.1569976806640625,0.0333333350718021,61.83681869506836,5.821613788604736,9.919821739196776,60,40.73333333333333,16.633333333333333,10.47791397084603,7.796864536294528,0.6680418092237685
20210305_NE_mockData4_2.tiff,22,0.0607685670256614,0.0545907877385616,44.881439208984375,3.786909341812134,9.970220565795898,66,40.75757575757576,24.848484848484848,10.237549407786522,8.359722510458814,0.57723995949776
20210305_NE_mockData4_3.tiff,1,0.1302701830863952,0.0492816790938377,66.75033569335938,5.641276836395264,9.620281219482422,164,9.585365853658535,62.71341463414634,15.906982294060358,13.455460356454708,0.5333670529965436
20210305_NE_mockData4_3.tiff,2,0.0767432674765586,0.062859833240509,40.607460021972656,5.843824863433838,8.617135047912598,122,11.21311475409836,75.73770491803279,16.623935190739275,9.750036650106866,0.8099449292225197
20210305_NE_mockData4_3.tiff,3,0.3474441766738891,0.0429475605487823,37.46823120117188,5.855679035186768,10.985383987426758,78,18.346153846153847,71.55128205128206,11.32830998226756,9.16332722640716,0.5879635800672282
20210305_NE_mockData4_3.tiff,4,0.0217391308397054,0.1431892216205597,23.971742630004883,0.912219226360321,3.566840410232544,46,18.608695652173918,46.28260869565217,9.295529674739049,6.9748081322660616,0.6610520557789611
20210305_NE_mockData4_3.tiff,5,0.2576825022697449,0.0476190485060215,40.500484466552734,7.632814884185791,7.285813331604004,63,18.46031746031746,22.666666666666668,13.222294000501336,6.78488282801588,0.8583051540355408
20210305_NE_mockData4_3.tiff,6,0.1631582677364349,0.0549286492168903,36.79933166503906,3.675625801086426,10.092957496643066,73,18.15068493150685,36.56164383561644,12.704511412017826,7.503884427843689,0.8069298940962193
20210305_NE_mockData4_3.tiff,7,0.1105916425585746,0.0704991295933723,37.37890625,4.975968360900879,9.153342247009276,112,20.107142857142858,60.19642857142857,14.349918793063363,10.57592732557066,0.6758899181302063
20210305_NE_mockData4_3.tiff,8,0.278882771730423,0.0588235296308994,19.60776901245117,3.3151705265045166,8.771171569824219,17,22.647058823529413,67.17647058823529,5.6871994758893925,3.8790160584420166,0.7312954320510957
20210305_NE_mockData4_3.tiff,9,0.207191914319992,0.0626531466841697,33.935569763183594,2.71044659614563,8.367328643798828,51,23.80392156862745,40.92156862745098,9.285291165606136,7.698433262560512,0.559100602203891
20210305_NE_mockData4_3.tiff,10,0.2094577401876449,0.0510134100914001,68.0774917602539,5.2439446449279785,5.787020206451416,59,22.491525423728813,14.35593220338983,10.077260287788048,7.685358811345994,0.6468188511968679
20210305_NE_mockData4_3.tiff,11,0.3261898756027221,0.1272727251052856,21.375961303710938,6.559719562530518,15.745813369750977,55,22.581818181818186,26.345454545454544,11.30765743021134,7.0383617648958765,0.7826658687445478
20210305_NE_mockData4_3.tiff,12,0.2828524708747864,0.025000000372529,12.462003707885742,4.459656238555908,10.495583534240724,40,24.0,32.625,8.719468269305526,6.238659559598848,0.6986268256753635
20210305_NE_mockData4_3.tiff,13,0.3346961140632629,0.0521752908825874,3.302795886993408,7.649125576019287,14.521553993225098,65,27.93846153846154,20.861538461538466,12.915272408262611,6.978920003781891,0.8414327732501828
20210305_NE_mockData4_3.tiff,14,0.13944673538208,0.0617283955216407,1.189116358757019,5.59247636795044,5.985161781311035,81,31.234567901234566,31.20987654320988,11.367326642593948,9.633467654656323,0.5308433825394361
20210305_NE_mockData4_3.tiff,15,0.1030584424734115,0.0805610343813896,8.73123836517334,4.398205757141113,19.088117599487305,108,30.5,59.07407407407408,12.389879774574114,11.367405266428008,0.3977933847434552
20210305_NE_mockData4_3.tiff,16,0.4467889070510864,0.068906120955944,70.7999038696289,5.443911075592041,7.195259094238281,73,30.753424657534246,9.10958904109589,12.628017623032347,7.708632752562912,0.7920633758524014
20210305_NE_mockData4_3.tiff,17,0.072720006108284,0.1527873575687408,10.687407493591309,4.47324800491333,9.964130401611328,62,30.725806451612904,42.08064516129032,11.088873406266394,7.576762767196177,0.7301600496590683
20210305_NE_mockData4_3.tiff,18,0.1777536123991012,0.0662172436714172,34.408042907714844,4.378722667694092,13.618117332458496,92,31.695652173913043,50.10869565217392,12.869547246693251,10.061084200564023,0.6235612161296401
20210305_NE_mockData4_3.tiff,19,0.3697111010551452,0.0770473107695579,22.6888370513916,7.820845603942871,17.437986373901367,97,34.23711340206186,16.20618556701031,14.464850243953814,9.376032895037964,0.7614750171462945
20210305_NE_mockData4_3.tiff,20,0.1893398761749267,0.0434782616794109,0.6272181272506714,7.208650588989258,10.482854843139648,69,37.20289855072464,25.347826086956523,12.741710575602484,7.744800507502151,0.7940667883929738
20210305_NE_mockData4_3.tiff,21,0.1328176409006118,0.0811080187559127,12.071659088134766,9.405912399291992,11.620113372802734,91,37.81318681318681,40.64835164835165,14.748694460285074,8.421884054439271,0.820932161063152
20210305_NE_mockData4_3.tiff,22,0.4439491629600525,0.0627138614654541,45.59995651245117,8.26673412322998,9.492705345153809,107,42.7196261682243,13.504672897196262,13.691265221209242,10.581306757417211,0.6345876409573908
20210305_NE_mockData4_3.tiff,23,0.2951919436454773,0.0365853644907474,8.318882942199707,6.104091644287109,20.992130279541016,82,43.21951219512195,27.47560975609756,13.2651260683807,8.663764807164913,0.7572514565483416
20210305_NE_mockData4_3.tiff,24,0.0633473768830299,0.0315041467547416,20.04738426208496,7.224083423614502,9.694808959960938,71,43.6056338028169,38.014084507042256,13.899187536267538,7.333880652897962,0.8494630215772537
20210305_NE_mockData4_3.tiff,25,0.3941917419433594,0.0861002132296562,11.18815803527832,8.831226348876953,14.698379516601562,71,49.140845070422536,20.64788732394366,10.286818161507114,8.921802017709885,0.4977782487676298
20210305_NE_mockData4_3.tiff,26,0.1490525752305984,0.0833025723695755,4.656286239624023,4.44331169128418,10.377904891967772,37,49.16216216216216,33.027027027027025,10.863496264078144,5.698327421870972,0.8513864233260166
20210305_NE_mockData4_3.tiff,27,0.1107876673340797,0.16970956325531,11.53940486907959,12.827878952026367,14.821243286132812,28,50.35714285714285,27.392857142857142,7.579478437655522,4.814993216437538,0.7722925115648368
20210305_NE_mockData4_3.tiff,28,0.1097535416483879,0.0866208299994468,45.6552848815918,2.300905227661133,6.754363536834717,57,50.94736842105263,58.68421052631579,13.544523672988152,5.6964768870162565,0.9072581563355812
20210305_NE_mockData4_3.tiff,29,0.0326051637530326,0.0700387805700302,56.05625915527344,1.7616219520568848,5.663278102874756,39,50.71794871794872,67.1025641025641,8.816073931849337,6.406310287507929,0.6869946266365045
20210305_NE_mockData5_1.tiff,1,0.1912228018045425,0.0178571436554193,0.5186120867729187,5.868555545806885,5.015173435211182,56,10.071428571428571,32.892857142857146,10.087136967711317,7.42477062373242,0.6769127865476124
20210305_NE_mockData5_1.tiff,2,0.2161221802234649,0.0444444455206394,1.00353741645813,5.989540100097656,4.331414222717285,45,13.866666666666667,39.266666666666666,8.775587728312285,6.8871985935603215,0.6197321773370477
20210305_NE_mockData5_1.tiff,3,0.3164444267749786,0.0707964599132537,0.8636678457260132,5.844202995300293,8.621671676635742,113,15.017699115044248,25.84955752212389,12.312190152874155,12.0400659656251,0.2090825843774012
20210305_NE_mockData5_1.tiff,4,0.4522930383682251,0.0480317845940589,0.9547173380851746,7.378891944885254,7.2533440589904785,86,19.848837209302324,36.83720930232558,14.639751999464156,7.820940809964862,0.845341493686178
20210305_NE_mockData5_1.tiff,5,0.4645601809024811,0.0903961211442947,0.6721760630607605,4.6333513259887695,3.056724786758423,37,24.135135135135137,46.45945945945946,8.950493207340493,5.511896362719234,0.7878865573774205
20210305_NE_mockData5_1.tiff,6,0.3519448041915893,0.036363635212183,0.4252045452594757,11.042440414428713,19.076908111572266,55,24.98181818181818,27.23636363636364,10.176960112016708,7.373375954138338,0.6892574116798655
20210305_NE_mockData5_1.tiff,7,0.4937390983104706,0.0778374001383781,0.4711669683456421,5.4085001945495605,15.138235092163086,104,26.03846153846154,18.932692307692307,15.492995900200851,8.736845120050152,0.8258278846257594
20210305_NE_mockData5_1.tiff,8,0.2554501593112945,0.020833333954215,0.7394431233406067,6.068565845489502,10.577113151550291,48,25.416666666666668,34.791666666666664,10.593808101237164,6.295422227720152,0.8042767746346944
20210305_NE_mockData5_1.tiff,9,0.0800239592790603,0.0,0.5702789425849915,10.799772262573242,6.0504655838012695,40,31.15,31.825,7.711028389221228,6.700003073180212,0.4950125917792066
20210305_NE_mockData5_1.tiff,10,0.2033477276563644,0.1142857149243354,1.251053810119629,9.813892364501951,14.835457801818848,35,31.2,24.485714285714284,9.387095027792109,5.040893790242636,0.8435806313084333
20210305_NE_mockData5_1.tiff,11,0.2572226822376251,0.1022149622440338,11.880995750427246,6.2219767570495605,6.667874336242676,88,30.204545454545453,40.79545454545455,12.981981905120062,9.607867662585011,0.6725050679512644
20210305_NE_mockData5_1.tiff,12,0.6473267674446106,0.0774746090173721,0.618432343006134,5.946461200714111,6.567483901977539,117,36.32478632478632,20.37606837606837,19.61220022691937,8.172857539434332,0.9090334590922012
20210305_NE_mockData5_1.tiff,13,0.584384560585022,0.0692558959126472,0.4030027091503143,5.415792942047119,7.204250812530518,72,38.90277777777778,32.125,10.320778155489032,9.508608574897409,0.3888351862832225
20210305_NE_mockData5_1.tiff,14,0.3537051081657409,0.067992627620697,1.0217972993850708,5.557861328125,7.065644264221191,63,38.07936507936508,40.53968253968254,10.1009033176637,8.410390284620973,0.5538184655336588
20210305_NE_mockData5_2.tiff,1,0.5086712837219238,0.073529414832592,3.131260395050049,5.941753387451172,4.744274139404297,68,4.191176470588236,57.16176470588236,13.027866625230669,7.00256644880585,0.8432594364906134
20210305_NE_mockData5_2.tiff,2,0.6807288527488708,0.0212765950709581,0.5421966910362244,6.831507682800293,3.218261957168579,47,7.936170212765957,48.85106382978724,8.624752188346973,7.477763994159444,0.4982871877950363
20210305_NE_mockData5_2.tiff,3,0.929321825504303,0.109989233314991,0.86663818359375,8.799556732177734,6.1592278480529785,73,8.342465753424657,62.41095890410959,12.203471186717122,8.144457454192414,0.7447096528968037
20210305_NE_mockData5_2.tiff,4,0.7330081462860107,0.0416978783905506,3.327666759490967,8.085062026977539,6.417738437652588,77,10.688311688311687,71.76623376623377,14.307318692839363,7.395273730473635,0.8560533544165764
20210305_NE_mockData5_2.tiff,5,0.4918656051158905,0.0562089048326015,0.7178372740745544,6.627171993255615,4.1752119064331055,60,13.066666666666666,43.3,10.318849883748596,8.246831268162968,0.6010643578447826
20210305_NE_mockData5_2.tiff,6,0.3760681748390198,0.0577865093946456,0.6320961713790894,7.050175189971924,6.118563175201416,82,14.28048780487805,52.76829268292683,11.29965994930779,9.48194152437418,0.5439230165010227
20210305_NE_mockData5_2.tiff,7,0.6272534728050232,0.0399999991059303,0.1767300963401794,6.796833515167236,9.718564987182615,25,16.0,70.72,6.678039560591999,5.144840874815102,0.6375465213956341
20210305_NE_mockData5_2.tiff,8,0.2124409675598144,0.0725837498903274,3.4987568855285645,8.804073333740234,11.396790504455566,64,16.375,60.265625,13.333867753044718,6.486837788500202,0.8736842880748132
20210305_NE_mockData5_2.tiff,9,0.2628141641616821,0.0844610929489135,4.980037212371826,6.276828289031982,18.688756942749023,55,18.945454545454545,65.45454545454545,10.388814390989328,7.731344810210346,0.6679580195213953
20210305_NE_mockData5_2.tiff,10,0.3305922746658325,0.1002758890390396,0.5838741660118103,8.982518196105957,6.488246917724609,54,20.314814814814813,73.88888888888889,10.670639391826771,6.9856019545785415,0.7559266160853761
20210305_NE_mockData5_2.tiff,11,0.722500741481781,0.0303030312061309,0.8610460758209229,7.56483268737793,6.712422847747803,99,19.83838383838384,82.1919191919192,13.900281400122491,9.455754675064965,0.7329742830892132
20210305_NE_mockData5_2.tiff,12,0.6615124940872192,0.0921077206730842,1.0056949853897097,8.538128852844238,6.074373245239258,89,20.97752808988764,42.7752808988764,12.135323235342788,9.837266082583964,0.5855576825577472
20210305_NE_mockData5_2.tiff,13,0.2727101147174835,0.0549450553953647,10.38042449951172,8.116376876831055,9.766924858093262,91,24.52747252747253,50.61538461538461,13.234077227606566,9.03333489432598,0.7308095780207616
20210305_NE_mockData5_2.tiff,14,0.4274022579193115,0.0259740259498357,9.195534706115724,10.25319004058838,9.02325439453125,77,24.98701298701299,62.532467532467535,14.91962463243692,7.640173359516184,0.85893248505863
20210305_NE_mockData5_2.tiff,15,0.744062066078186,0.0727424100041389,0.8501927852630615,8.30763053894043,4.882719039916992,77,28.05194805194805,78.92207792207792,10.993013011296703,9.816516035684373,0.4501008067041932
20210305_NE_mockData5_2.tiff,16,0.3118284940719604,0.0333333350718021,12.7488431930542,8.36685848236084,5.02782154083252,30,27.4,72.23333333333333,7.552915562067718,5.1435093792562965,0.7322866309578376
20210305_NE_mockData5_2.tiff,17,0.3521043360233307,0.0758378952741622,0.6453417539596558,7.724370002746582,5.079954147338867,104,29.471153846153847,39.92307692307692,13.95276861994239,10.242293071621123,0.6790750300769713
20210305_NE_mockData5_2.tiff,18,0.5451756715774536,0.0666666701436042,0.1785947531461715,8.917389869689941,11.72097873687744,15,31.6,59.93333333333333,4.974602161647368,3.771236166328254,0.6521405955174382
20210305_NE_mockData5_2.tiff,19,0.6045310497283936,0.040363609790802,19.48635482788086,9.419839859008787,12.375682830810549,64,31.109375,66.875,10.283333293817634,8.459411925084494,0.5685723613695817
20210305_NE_mockData5_2.tiff,20,0.5392335653305054,0.0446990802884101,17.451566696166992,9.792718887329102,10.203675270080566,101,32.53465346534654,52.613861386138616,14.973280477918983,9.24742241613052,0.786496329979826
20210305_NE_mockData5_2.tiff,21,0.3251142203807831,0.1075778901576995,69.02037048339844,7.226843357086182,6.342069149017334,31,34.58064516129032,72.54838709677419,7.883756845919096,5.41458788546735,0.7268436100994894
20210305_NE_mockData5_2.tiff,22,0.4635007679462433,0.0300097130239009,5.196757316589356,8.612662315368652,14.751643180847168,60,36.516666666666666,61.85,10.645786304362847,7.405141649605989,0.7184354078574895
20210305_NE_mockData5_2.tiff,23,0.1754582971334457,0.0,36.73379135131836,5.627529144287109,4.253828525543213,42,37.69047619047619,37.26190476190476,9.087276763410213,6.304236392302991,0.7202224538037987
20210305_NE_mockData5_2.tiff,24,0.7228536605834961,0.0416666679084301,17.02116584777832,7.596551418304443,13.136252403259276,48,40.16666666666666,56.0,10.189176784366095,6.1970072356870105,0.7937875907005354
20210305_NE_mockData5_2.tiff,25,0.0799999982118606,0.0702921375632286,43.13799285888672,2.6134374141693115,5.327550888061523,50,40.78,69.14,9.246181429891978,7.908231721789692,0.5181379665389295
20210305_NE_mockData5_2.tiff,26,0.7897417545318604,0.0232558138668537,21.489187240600582,4.656988620758057,2.7029924392700195,43,40.30232558139535,12.790697674418604,10.119181024378982,5.557040968933694,0.8357177843430201
20210305_NE_mockData5_2.tiff,27,0.2699533998966217,0.0275620389729738,34.01978302001953,8.153593063354492,11.31833839416504,114,41.40350877192982,44.32456140350877,16.52187379631599,9.53296838330274,0.8167506794045658
20210305_NE_mockData5_2.tiff,28,0.2849364280700683,0.0471571385860443,92.73959350585938,4.807358264923096,4.425024509429932,86,40.03488372093023,30.1046511627907,11.989528463415228,9.62848223646404,0.5958788978133086
20210305_NE_mockData5_2.tiff,29,0.1146029382944107,0.0742286443710327,34.35539245605469,4.071685314178467,8.564699172973633,63,45.01587301587302,52.19047619047619,11.020222511673486,8.44037955039384,0.6429606699486531
20210305_NE_mockData5_2.tiff,30,0.0270270276814699,0.0810810774564743,27.48510360717773,2.14633846282959,3.3623359203338623,37,43.94594594594594,63.0,7.701369965813535,6.332583253062673,0.5691017429103215
20210305_NE_mockData5_2.tiff,31,0.5435689687728882,0.0491803288459777,52.23336410522461,4.739645957946777,6.481690406799316,122,42.967213114754095,20.65573770491803,14.535475775993374,11.12904578887296,0.6432607729274507
20210305_NE_mockData5_2.tiff,32,0.5896168351173401,0.0533620230853557,7.943373203277588,5.095311641693115,6.7457427978515625,76,46.31578947368421,36.73684210526316,10.793153309816844,9.174566015642814,0.5267250210602324
20210305_NE_mockData5_2.tiff,33,0.6156482100486755,0.0877401307225227,18.856538772583008,7.0707106590271,5.022106647491455,86,50.0,15.5,15.303525125571962,7.553670146655599,0.8696946054641819
20210305_NE_mockData5_2.tiff,34,0.2793312072753906,0.0,19.640777587890625,5.744022369384766,6.690430641174316,39,51.46153846153846,47.82051282051282,8.300725381264517,6.258931519002123,0.6568488916171366
20210305_NE_mockData5_2.tiff,35,0.1793085187673568,0.0625,1.8482836484909055,4.2403106689453125,3.706779956817627,64,53.484375,54.265625,13.963213065557529,6.21658011979606,0.8954255446922263
20210305_NE_mockData5_2.tiff,36,0.202545091509819,0.0413132719695568,5.200923919677734,7.345675468444824,7.048854351043701,95,50.38947368421053,61.73684210526316,18.363541281438224,9.57865050572008,0.8531825848985383
20210305_NE_mockData5_2.tiff,37,0.5334503054618835,0.0652082413434982,1.2101449966430664,6.9112324714660645,4.6200714111328125,174,55.333333333333336,67.08620689655173,22.684667962649545,10.139995089246373,0.8945350911013821
20210305_NE_mockData5_2.tiff,38,0.2443463206291198,0.0881941244006156,15.6902494430542,5.19297981262207,6.730510234832764,164,53.89634146341464,28.54268292682927,17.159546258064868,13.028397650078665,0.6507982498339887
20210305_NE_mockData5_2.tiff,39,0.4572758972644806,0.0,36.30049514770508,5.535101890563965,9.85691261291504,53,55.84905660377358,44.0566037735849,10.931737221801654,6.8574566132872254,0.7787793343525357
20210305_NE_mockData5_2.tiff,40,0.7537627220153809,0.0903578847646713,43.771461486816406,7.08505392074585,9.988385200500488,40,55.85,39.5,11.98903417162719,4.637139164566394,0.9221713003043674
20210305_NE_mockData5_2.tiff,41,0.3831724226474762,0.1302684247493744,43.33968353271485,8.195486068725586,7.047670841217041,40,57.375,36.0,12.82987758088118,4.893285323747482,0.924411068079322
20210305_NE_mockData5_2.tiff,42,0.7535188794136047,0.1510896384716034,1.8992319107055664,5.469660758972168,2.4592111110687256,79,60.0126582278481,20.54430379746836,12.899703040807662,7.961562494502331,0.7868144660003216
20210305_NE_mockData5_3.tiff,1,0.4464836120605469,0.0942196026444435,0.2130219787359237,2.339583396911621,7.554645538330078,67,9.417910447761194,37.85074626865672,12.02756258639618,8.163007186427505,0.7344232729632266
20210305_NE_mockData5_3.tiff,2,0.293516606092453,0.0821730121970176,0.8031887412071228,2.597060203552246,9.727532386779783,53,10.716981132075473,29.20754716981132,9.832808074325513,7.715812109039109,0.6198747412834298
20210305_NE_mockData5_3.tiff,3,0.2809081673622131,0.1087290719151496,0.2994120419025421,4.733242034912109,8.342164993286133,38,14.473684210526317,38.68421052631579,10.22446318841772,4.916247937495544,0.8768128053314106
20210305_NE_mockData5_3.tiff,4,0.357060968875885,0.0918100923299789,0.1324776262044906,2.641152858734131,4.886147975921631,100,13.63,49.6,17.56756575893497,7.903811315150156,0.8930742503045461
20210305_NE_mockData5_3.tiff,5,0.4398833513259887,0.0853352323174476,0.3076595962047577,3.54047966003418,15.40001392364502,41,16.4390243902439,22.24390243902439,10.469945946618116,6.332506328146326,0.7963568683813226
20210305_NE_mockData5_3.tiff,6,0.2431899607181549,0.0606060624122619,0.4784340858459472,2.521334171295166,4.756329536437988,33,19.303030303030305,38.42424242424242,6.678776879493775,6.344849613722376,0.3122446255620079
20210305_NE_mockData5_3.tiff,7,0.0946166515350341,0.0845070406794548,0.4412243664264679,3.6107332706451416,22.07718086242676,71,18.464788732394368,28.04225352112676,12.154681741019722,8.235347137960522,0.7354810706737258
20210305_NE_mockData5_3.tiff,8,0.1428571492433548,0.0761323124170303,0.5968888401985168,3.2615599632263184,7.027030944824219,28,19.392857142857142,33.5,7.663759465207575,4.950928076494849,0.7633220083159584
20210305_NE_mockData5_3.tiff,9,0.3697996735572815,0.0615523196756839,0.2754952311515808,3.341860055923462,14.212236404418944,56,21.178571428571427,19.535714285714285,13.05501127510965,6.581928490007793,0.8636051696022288
20210305_NE_mockData5_3.tiff,10,0.0843373462557792,0.0602409653365612,0.2253879457712173,3.0534884929656982,4.8419365882873535,83,21.03614457831325,45.81927710843374,11.718485570923312,9.72705240705864,0.5576732982438527
20210305_NE_mockData5_3.tiff,11,0.407412052154541,0.0708340108394622,0.5127696990966797,3.7099552154541016,9.628795623779297,105,25.17142857142857,57.04761904761905,15.469085965661996,9.082213849712108,0.8094997186902294
20210305_NE_mockData5_3.tiff,12,0.2542535066604614,0.0745872259140014,0.3116384744644165,4.134542465209961,7.580212593078613,90,27.288888888888888,19.1,15.469676037986352,7.687972798396645,0.8677674294759996
20210305_NE_mockData5_3.tiff,13,0.0715188160538673,0.0769035071134567,0.2901315987110138,3.643023729324341,4.536911010742188,35,26.685714285714287,49.97142857142857,8.575782440565549,6.108979374779009,0.70182193592484
20210305_NE_mockData5_3.tiff,14,0.3680525124073028,0.0169491525739431,0.1370536088943481,5.95325231552124,6.694291591644287,59,33.59322033898305,19.203389830508478,11.43657263451032,8.258359235888877,0.6917877636747214
20210305_NE_mockData5_3.tiff,15,0.1207249239087104,0.1060153916478157,0.3868002891540527,4.7364821434021,10.903533935546877,86,33.54651162790697,52.73255813953488,14.14061328661406,9.020846307373665,0.7700870393085175
20210305_NE_mockData5_3.tiff,16,0.184400662779808,0.0535714291036129,0.7527141571044922,3.755769729614258,5.465432167053223,56,35.92857142857143,26.071428571428573,9.863299501650443,7.424519257571379,0.6583157017974365
20210305_NE_mockData5_3.tiff,17,0.1674992144107818,0.0935226380825042,0.40855273604393,3.995406150817871,22.49365234375,119,35.403361344537814,43.47899159663866,14.358504197730923,11.030723959916775,0.6401663896686058
20210305_NE_mockData5_3.tiff,18,0.3408001065254211,0.0451666302978992,0.6027618050575256,4.159739971160889,6.947906970977783,56,37.48214285714285,33.07142857142857,10.730866263745284,7.104650607174253,0.749436570657377
20210305_NE_mockData5_3.tiff,19,0.6164495944976807,0.1010833457112312,1.035355567932129,3.749279260635376,7.809047698974609,78,39.51282051282051,16.256410256410255,12.683247467679026,9.10500835429956,0.6961702270863809
20210305_NE_mockData5_3.tiff,20,0.2483356744050979,0.0576923079788684,0.5690005421638489,7.516844749450684,5.70274019241333,52,39.46153846153846,58.05769230769231,9.942343867059112,7.200146256949212,0.6896004692639227
20210305_NE_mockData5_3.tiff,21,0.0546359047293663,0.0454545468091964,0.1660040318965912,4.532463073730469,21.40817070007324,22,41.54545454545455,50.36363636363637,6.741775457492977,4.182177954257321,0.784334782415113
20210305_NE_mockData5_3.tiff,22,0.4433185160160064,0.0951578617095947,0.4442256689071655,5.837235450744629,4.907305717468262,97,42.20618556701031,70.10309278350516,19.10234179168876,6.681469964757273,0.9368347454686397
20210305_NE_mockData5_3.tiff,23,0.0625,0.0452636405825614,0.3776925504207611,4.693267345428467,14.3638277053833,80,45.2,43.475,12.337067465256688,9.140392024290035,0.6716279897641083
20210305_NE_mockData5_3.tiff,24,0.2667164206504822,0.1365400105714798,0.9608995914459229,4.881764888763428,11.331093788146973,99,45.58585858585859,35.62626262626262,14.248686843177728,10.001812011755437,0.7122299419532824
20210305_NE_mockData5_3.tiff,25,0.5132264494895935,0.0833333358168602,0.4864400625228882,4.332863807678223,15.145825386047363,96,45.35416666666666,23.875,12.587600116088852,10.08110669551358,0.5988302345490468
20210305_NE_mockData5_3.tiff,26,0.3331326842308044,0.0728510320186615,0.4396829903125763,9.239272117614746,10.385244369506836,106,47.66981132075472,53.43396226415094,14.005177103011285,10.32323338187972,0.6757823354086422
20210305_NE_mockData5_3.tiff,27,0.402766078710556,0.0922861248254776,0.1808603405952453,8.880951881408691,5.270661354064941,108,49.51851851851852,62.77777777777778,17.353653147343646,8.31662330080911,0.8776820538411254
20210305_NE_mockData5_3.tiff,28,0.6896799802780151,0.1319516003131866,0.5865386128425598,7.618950366973877,10.214111328125,75,50.68,69.85333333333334,13.12597063123201,8.315025588871645,0.7737599554038266
20210305_NE_mockData5_3.tiff,29,0.3713559806346893,0.1386458277702331,1.0183043479919434,3.90935492515564,7.408292293548584,54,50.833333333333336,29.75925925925926,12.079835842581264,5.984725141133654,0.8686472961306151
20210305_NE_mockData5_3.tiff,30,0.5816600322723389,0.076971985399723,0.58069908618927,5.673290729522705,6.596814632415772,84,53.083333333333336,78.92857142857143,13.963103518927722,7.812136234475953,0.8288409951716562
20210305_NE_mockData5_3.tiff,31,0.2929467558860779,0.0935393497347831,0.3347942233085632,6.0777997970581055,9.290912628173828,147,56.68707482993197,50.98639455782313,18.954791051795315,10.74455674231229,0.8238198090290949
20210305_NE_mockData5_3.tiff,32,0.4970486462116241,0.0689929351210594,0.5474656224250793,6.534029960632324,10.50130558013916,93,58.32258064516129,71.63440860215054,14.479857535600097,8.946264952916605,0.7863022279132981
20210305_NE_mockData5_3.tiff,33,0.3740690648555755,0.1401206105947494,0.4702143967151642,8.85608959197998,6.859093189239502,38,62.6578947368421,52.76315789473684,10.71435347938891,4.974769933363546,0.8856733163350496
20210305_NE_mockData5_3.tiff,34,0.281499445438385,0.3244796395301819,0.6842935085296631,6.498103141784668,7.899162769317627,11,62.90909090909091,69.63636363636364,4.346129984141888,3.067356324605906,0.7084437526351622
20210305_NE_mockData5_3.tiff,35,0.5215080976486206,0.0810810774564743,0.3281601369380951,4.196420669555664,4.64419412612915,37,64.86486486486487,77.29729729729729,7.76715345361818,6.659080312075631,0.5147529109699932
20210305_NE_mockData5_3.tiff,36,0.2145564407110214,0.0474940426647663,0.3911813199520111,6.730583667755127,8.163010597229004,70,65.0,58.18571428571428,12.029922286952043,7.876764484830451,0.7558330636155158
20210305_NE_mockData5_3.tiff,37,0.5129036903381348,0.1522449851036071,0.4493672847747803,5.595389366149902,13.157532691955566,68,68.27941176470588,71.61764705882354,10.599528543265436,8.599076247339603,0.5846721203084018
20210305_NE_mockData5_3.tiff,38,0.3986725211143493,0.1621823906898498,0.4997491538524627,7.0311384201049805,14.021793365478516,71,66.45070422535211,63.94366197183098,14.424576768685933,7.073832298960722,0.8714966954541573
20210305_NE_mockData5_3.tiff,39,0.3413745164871216,0.1010106727480888,0.3809316754341125,5.632246971130371,5.838206768035889,72,67.51388888888889,46.94444444444444,11.548739092428828,8.453581792831521,0.681313489556916
20210305_NE_mockData5_3.tiff,40,0.3535349667072296,0.0703891739249229,0.4112971127033233,6.503699779510498,10.89256477355957,72,72.76388888888889,54.19444444444444,11.73547201380407,8.253188254626686,0.7109243014639246
20210305_NE_mockData5_3.tiff,41,0.2943373322486877,0.0763869285583496,0.5718297958374023,4.439523220062256,12.307801246643066,43,73.76744186046511,66.06976744186046,9.044809235158889,6.356965003044774,0.7113576614502574
20210305_NE_mockData5_3.tiff,42,0.3577562272548675,0.0,0.19486665725708,0.455762505531311,6.375649929046631,16,75.8125,60.125,6.671725837412118,3.959239112557812,0.8048815315796211
