Image,Object,Ag107,Cytokeratin 5,Laminin,YBX1,H3K27Ac
20210305_NE_mockData1_1.tiff,1,0.1927726864814758,0.1052631586790084,0.1052631586790084,0.3369243443012237,0.5397290587425232
20210305_NE_mockData1_1.tiff,2,0.0599222928285598,0.0563380271196365,0.0422535203397274,0.0985915511846542,0.7266358733177185
20210305_NE_mockData1_1.tiff,3,0.2360161691904068,0.0625,0.0,0.0,0.8590474128723145
20210305_NE_mockData1_1.tiff,4,0.0625,0.0366175845265388,0.0,0.1439206153154373,0.7922499179840088
20210305_NE_mockData1_1.tiff,5,0.1598911434412002,0.0697674453258514,0.0,0.0232558138668537,0.9438848495483398
20210305_NE_mockData1_1.tiff,6,0.0902439430356025,0.0810810774564743,0.1115398928523063,0.0948685929179191,0.4948690235614776
20210305_NE_mockData1_1.tiff,7,0.1696117520332336,0.0769230797886848,0.0156524404883384,0.0501049943268299,0.6788256764411926
20210305_NE_mockData1_1.tiff,8,0.0833333358168602,0.0,0.0,0.0,0.9646852016448976
20210305_NE_mockData1_1.tiff,9,0.1479199677705764,0.1428571492433548,0.2929242551326751,0.1428571492433548,0.6726185083389282
20210305_NE_mockData1_1.tiff,10,0.1455816924571991,0.0,0.095238097012043,0.0476190485060215,0.5866250991821289
20210305_NE_mockData1_1.tiff,11,0.1256048828363418,0.0416666679084301,0.0,0.0,0.8347964286804199
20210305_NE_mockData1_1.tiff,12,0.1435484439134597,0.0714285746216774,0.0238095242530107,0.0476190485060215,0.4913870096206665
20210305_NE_mockData1_1.tiff,13,0.1270208060741424,0.1073191910982132,0.0226690527051687,0.0731196179986,0.8725705742835999
20210305_NE_mockData1_1.tiff,14,0.1333333402872085,0.0,0.0222222227603197,0.0338921584188938,0.5740737318992615
20210305_NE_mockData1_1.tiff,15,0.0714285746216774,0.0,0.0,0.0714285746216774,0.644111156463623
20210305_NE_mockData1_1.tiff,16,0.0370370373129844,0.1716407686471939,0.0740740746259689,0.0,0.6943333745002747
20210305_NE_mockData1_1.tiff,17,0.0460651516914367,0.0961538478732109,0.0276927780359983,0.0384615398943424,0.6958789229393005
20210305_NE_mockData1_1.tiff,18,0.2468382567167282,0.0,0.0,0.0,0.5835644006729126
20210305_NE_mockData1_1.tiff,19,0.0923076942563057,0.0573355071246624,0.0543682947754859,0.0461538471281528,0.7382485270500183
20210305_NE_mockData1_1.tiff,20,0.5678249597549438,0.094879575073719,0.0,0.048882920295,0.924772560596466
20210305_NE_mockData1_1.tiff,21,0.2296156883239746,0.0399999991059303,0.0544353686273098,0.0473255552351474,0.7549322247505188
20210305_NE_mockData1_1.tiff,22,0.1250896602869033,0.0,0.0399999991059303,0.0,0.6933776140213013
20210305_NE_mockData1_1.tiff,23,0.0526315793395042,0.0,0.0823812708258628,0.0526315793395042,0.5958616137504578
20210305_NE_mockData1_1.tiff,24,0.1455496102571487,0.0943630263209343,0.0175438597798347,0.0,0.6323848962783813
20210305_NE_mockData1_1.tiff,25,0.0839100033044815,0.0431034490466117,0.0372268743813037,0.0785524696111679,0.7656817436218262
20210305_NE_mockData1_1.tiff,26,0.074879765510559,0.0526315793395042,0.0,0.0,1.005349040031433
20210305_NE_mockData1_1.tiff,27,0.3020685017108917,0.0555555559694767,0.0730447247624397,0.1111111119389534,0.4513367414474487
20210305_NE_mockData1_1.tiff,28,0.1612903177738189,0.0322580635547637,0.0,0.0701817572116851,0.5874315500259399
20210305_NE_mockData1_1.tiff,29,0.3048054873943329,0.1083680465817451,0.0557157434523105,0.0747652053833007,0.536132276058197
20210305_NE_mockData1_1.tiff,30,0.3714972138404846,0.1178140193223953,0.0232558138668537,0.0,0.6487290263175964
20210305_NE_mockData1_2.tiff,1,15.659465789794922,14.44306182861328,1.7607464790344238,7.271027088165283,3.2143819332122803
20210305_NE_mockData1_2.tiff,2,12.559544563293455,0.3030067980289459,0.2612479329109192,2.5412914752960205,1.519237041473389
20210305_NE_mockData1_2.tiff,3,20.256710052490234,10.831697463989258,1.6178196668624878,4.244433879852295,1.645746827125549
20210305_NE_mockData1_2.tiff,4,12.62120246887207,23.648786544799805,1.0339717864990234,9.221278190612791,1.935600757598877
20210305_NE_mockData1_2.tiff,5,23.96215057373047,26.192317962646484,1.0617820024490356,6.560516834259033,3.609054088592529
20210305_NE_mockData1_2.tiff,6,19.918434143066406,3.2652037143707275,0.1691204309463501,3.888228178024292,3.266254186630249
20210305_NE_mockData1_2.tiff,7,26.0881462097168,0.6560854911804199,0.6134691834449768,3.9658217430114746,2.7602648735046387
20210305_NE_mockData1_2.tiff,8,15.539936065673828,26.635269165039062,1.1702550649642944,5.280404567718506,3.412841558456421
20210305_NE_mockData1_2.tiff,9,16.31106948852539,0.2823864221572876,0.4415338337421417,4.273515701293945,2.2117927074432373
20210305_NE_mockData1_2.tiff,10,13.167959213256836,4.168198108673096,1.099462628364563,3.5132429599761963,2.6505184173583984
20210305_NE_mockData1_2.tiff,11,20.208471298217773,60.87688446044922,7.190793037414551,8.566537857055664,4.875662326812744
20210305_NE_mockData1_2.tiff,12,14.063409805297852,14.852472305297852,0.913486123085022,7.140903949737549,5.831120491027832
20210305_NE_mockData1_2.tiff,13,6.911780834197998,4.508018493652344,0.4424504041671753,3.2698044776916504,5.098708152770996
20210305_NE_mockData1_2.tiff,14,9.15429973602295,1.045141577720642,0.5287527441978455,5.222892284393311,3.617879629135132
20210305_NE_mockData1_2.tiff,15,17.676359176635742,8.811847686767578,0.4242342710494995,2.3975653648376465,4.383710861206055
20210305_NE_mockData1_2.tiff,16,10.190329551696776,9.287752151489258,0.5048996210098267,5.005538463592529,2.7767391204833984
20210305_NE_mockData1_2.tiff,17,9.745306015014648,11.5934476852417,0.8436488509178162,4.553407669067383,2.352194309234619
20210305_NE_mockData1_2.tiff,18,8.378925323486328,14.819988250732422,0.3818231225013733,2.577864408493042,2.5594935417175293
20210305_NE_mockData1_3.tiff,1,4.433101654052734,2.1968321800231934,33.00433349609375,0.3193154036998749,5.041761875152588
20210305_NE_mockData1_3.tiff,2,36.50868606567383,27.579540252685547,38.68739700317383,5.294572830200195,8.341825485229492
20210305_NE_mockData1_3.tiff,3,6.668282985687256,4.415909290313721,35.04119873046875,0.8224881887435913,8.172467231750488
20210305_NE_mockData1_3.tiff,4,19.029376983642575,15.63692855834961,22.360742568969727,3.4787404537200928,4.222113132476807
20210305_NE_mockData1_3.tiff,5,4.719515800476074,4.360863208770752,40.562774658203125,0.972693681716919,4.910394668579102
20210305_NE_mockData1_3.tiff,6,14.917234420776367,28.230976104736328,2.886234998703003,6.242980003356934,4.995500087738037
20210305_NE_mockData1_3.tiff,7,18.17830848693848,25.77408218383789,2.2571775913238525,12.201410293579102,6.037275314331055
20210305_NE_mockData1_3.tiff,8,11.69511604309082,35.17340469360352,1.639372944831848,6.297493934631348,5.834718227386475
20210305_NE_mockData1_3.tiff,9,25.8706111907959,30.642078399658203,6.257092952728272,8.197457313537598,7.147202491760254
20210305_NE_mockData1_3.tiff,10,8.719376564025879,34.21208572387695,1.2393758296966553,10.492914199829102,5.00203800201416
20210305_NE_mockData1_3.tiff,11,14.529367446899414,40.50933074951172,0.8892343640327454,11.773201942443848,5.077193260192871
20210305_NE_mockData1_3.tiff,12,27.31024169921875,7.714259624481201,43.2549934387207,1.919042944908142,4.856731414794922
20210305_NE_mockData1_3.tiff,13,2.916033267974853,0.5111745595932007,89.51811981201172,0.542369544506073,5.383762359619141
20210305_NE_mockData1_3.tiff,14,62.01907730102539,43.79312896728516,5.9170451164245605,9.432839393615724,9.0466947555542
20210305_NE_mockData1_3.tiff,15,13.260525703430176,49.28166198730469,1.282026290893555,8.702289581298828,8.39208984375
20210305_NE_mockData1_3.tiff,16,30.96368980407715,38.30523681640625,1.5939534902572632,6.842576503753662,5.447762966156006
20210305_NE_mockData1_3.tiff,17,6.172743797302246,22.71790313720703,1.4036948680877686,5.462053298950195,2.8289995193481445
20210305_NE_mockData1_3.tiff,18,8.61718463897705,52.28775787353516,1.3276383876800537,8.409208297729492,7.285788059234619
20210305_NE_mockData1_3.tiff,19,16.754268646240234,28.513708114624023,1.0786826610565186,9.38929843902588,4.735422611236572
20210305_NE_mockData1_3.tiff,20,22.140323638916016,49.02671813964844,1.324792504310608,10.457978248596191,6.119229316711426
20210305_NE_mockData1_3.tiff,21,20.267452239990234,39.43254852294922,1.007928729057312,12.13840103149414,7.423965454101562
20210305_NE_mockData1_3.tiff,22,34.00394058227539,34.58290481567383,0.849957287311554,14.48364543914795,6.783763408660889
20210305_NE_mockData1_3.tiff,23,36.98963928222656,33.9551887512207,0.8918542265892029,13.340055465698242,6.895062446594238
20210305_NE_mockData2_1.tiff,1,0.3385300040245056,0.0215053763240575,4.725027561187744,6.0373969078063965,2.6653382778167725
20210305_NE_mockData2_1.tiff,2,0.5915396809577942,0.0977411642670631,5.78268575668335,8.848054885864258,3.6473708152771
20210305_NE_mockData2_1.tiff,3,0.5046091079711914,0.06034692004323,1.971987009048462,8.7583646774292,3.487833261489868
20210305_NE_mockData2_1.tiff,4,0.3360845148563385,0.0613810457289218,2.228942394256592,5.171751976013184,1.8035802841186523
20210305_NE_mockData2_1.tiff,5,0.18557670712471,0.0403508841991424,1.0620691776275637,10.350098609924316,2.7302138805389404
20210305_NE_mockData2_1.tiff,6,0.5039117932319641,0.0681178420782089,1.0197252035140991,8.568598747253418,5.534723281860352
20210305_NE_mockData2_1.tiff,7,0.3726891875267029,0.050918698310852,1.56657075881958,7.218643188476562,3.995295763015747
20210305_NE_mockData2_1.tiff,8,0.4787563681602478,0.0877681151032447,6.1823906898498535,7.919637203216553,5.72705078125
20210305_NE_mockData2_1.tiff,9,0.3420863747596741,0.0233961157500743,0.8423749208450317,4.091455459594727,2.0853703022003174
20210305_NE_mockData2_1.tiff,10,0.4247376024723053,0.1111662909388542,7.173026084899902,6.778166770935059,4.912010192871094
20210305_NE_mockData2_1.tiff,11,0.352042555809021,0.0800019428133964,0.9590895771980286,7.068417549133301,2.595734119415283
20210305_NE_mockData2_1.tiff,12,0.3960563540458679,0.0681818202137947,1.566277265548706,9.537545204162598,2.4096243381500244
20210305_NE_mockData2_1.tiff,13,0.4197890162467956,0.0441206917166709,1.6650640964508057,6.700777530670166,2.061485767364502
20210305_NE_mockData2_1.tiff,14,0.2483399361371994,0.0767418667674064,0.8123517036437988,6.55088472366333,2.4277026653289795
20210305_NE_mockData2_1.tiff,15,0.4158390462398529,0.0506184175610542,2.4548840522766118,8.305853843688965,3.1274657249450684
20210305_NE_mockData2_1.tiff,16,0.2803385853767395,0.0,5.826257228851318,3.122739315032959,2.9289379119873047
20210305_NE_mockData2_1.tiff,17,0.5680524706840515,0.066126249730587,4.750315189361572,3.9077279567718506,2.6414384841918945
20210305_NE_mockData2_1.tiff,18,0.2484194487333297,0.0138888889923691,5.918909549713135,8.475552558898926,2.9429714679718018
20210305_NE_mockData2_1.tiff,19,0.2060803771018982,0.0508474558591842,3.0760955810546875,7.702795028686523,2.56915020942688
20210305_NE_mockData2_1.tiff,20,0.4578999578952789,0.0588235296308994,18.59446907043457,7.096139430999756,6.575672149658203
20210305_NE_mockData2_1.tiff,21,0.5004146695137024,0.0696283355355262,5.899054050445557,6.233347415924072,3.046426296234131
20210305_NE_mockData2_1.tiff,22,0.1998974680900573,0.0751125961542129,50.78815078735352,3.364053249359131,4.8313188552856445
20210305_NE_mockData2_1.tiff,23,0.1963427364826202,0.054234854876995,11.389378547668455,7.932553768157959,3.453465461730957
20210305_NE_mockData2_1.tiff,24,0.513557493686676,0.0845093876123428,12.52286434173584,6.091073989868164,2.050789594650269
20210305_NE_mockData2_1.tiff,25,0.3613128066062927,0.0338983051478862,23.497886657714844,5.720973491668701,4.935523509979248
20210305_NE_mockData2_1.tiff,26,0.425153374671936,0.1006766036152839,68.4385986328125,2.45369291305542,3.0250065326690674
20210305_NE_mockData2_2.tiff,1,0.258620947599411,0.0462626926600933,10.174903869628906,7.470121383666992,2.6299073696136475
20210305_NE_mockData2_2.tiff,2,0.2277134507894516,0.0509993992745876,0.4963034987449646,5.411640644073486,3.184667587280273
20210305_NE_mockData2_2.tiff,3,0.2001642435789108,0.0912601128220558,0.3402108550071716,4.784585475921631,6.388152122497559
20210305_NE_mockData2_2.tiff,4,0.073738157749176,0.0685110762715339,0.3184256553649902,2.3521554470062256,13.313712120056152
20210305_NE_mockData2_2.tiff,5,0.1141856163740158,0.0528455153107643,0.1689230948686599,3.1408653259277344,10.039520263671877
20210305_NE_mockData2_2.tiff,6,0.1376066952943802,0.0636375993490219,0.4172239899635315,3.858231067657471,8.081798553466797
20210305_NE_mockData2_2.tiff,7,0.1412060856819152,0.0470839403569698,1.2454681396484375,4.303672790527344,1.864569067955017
20210305_NE_mockData2_2.tiff,8,0.0612444691359996,0.038961037993431,0.6436259746551514,3.8536934852600098,3.769987344741821
20210305_NE_mockData2_2.tiff,9,0.0863100513815879,0.0294117648154497,0.2348205298185348,2.9004898071289062,4.946472644805908
20210305_NE_mockData2_2.tiff,10,0.1937545090913772,0.0281690135598182,0.1571283340454101,2.633264780044556,7.012786865234375
20210305_NE_mockData2_2.tiff,11,0.0753008350729942,0.0317460335791111,0.9205665588378906,2.735663652420044,4.188313961029053
20210305_NE_mockData2_2.tiff,12,0.1136559545993805,0.0315789468586444,0.4200394451618194,5.41130256652832,2.402940034866333
20210305_NE_mockData2_2.tiff,13,0.1119779273867607,0.0599775835871696,1.1808494329452517,4.488386631011963,6.879007339477539
20210305_NE_mockData2_2.tiff,14,0.2419081032276153,0.0625,12.281063079833984,5.352715969085693,3.0897860527038574
20210305_NE_mockData2_2.tiff,15,0.1371981799602508,0.0708933845162391,0.4088758528232574,3.010004758834839,4.574994087219238
20210305_NE_mockData2_3.tiff,1,0.357260912656784,0.0684845000505447,0.2476131916046142,4.049644947052002,3.998099565505981
20210305_NE_mockData2_3.tiff,2,0.1556576788425445,0.0540540553629398,0.5617809891700745,4.745460510253906,4.471055507659912
20210305_NE_mockData2_3.tiff,3,0.3663787841796875,0.0434782616794109,18.24356842041016,4.573925495147705,5.2670979499816895
20210305_NE_mockData2_3.tiff,4,0.2416656166315078,0.0404040403664112,7.180903911590576,4.6219096183776855,9.631064414978027
20210305_NE_mockData2_3.tiff,5,0.2785544693470001,0.0455470643937587,8.059657096862793,5.439004898071289,5.184131145477295
20210305_NE_mockData2_3.tiff,6,0.2340716272592544,0.0946200937032699,0.2342054843902588,6.201203346252441,3.730710506439209
20210305_NE_mockData2_3.tiff,7,0.1893748641014099,0.0744470432400703,0.887407660484314,4.675581932067871,6.221020698547363
20210305_NE_mockData2_3.tiff,8,0.1624655723571777,0.0834305360913276,1.4402000904083252,5.269267559051514,3.4402079582214355
20210305_NE_mockData2_3.tiff,9,0.1474192142486572,0.0153846153989434,0.2971241176128387,4.627044200897217,4.165298938751221
20210305_NE_mockData2_3.tiff,10,0.1508417576551437,0.043562177568674,0.4821118414402008,6.993612289428711,2.466680765151977
20210305_NE_mockData2_3.tiff,11,0.5656869411468506,0.0,0.4582885503768921,5.779397010803223,6.9281511306762695
20210305_NE_mockData2_3.tiff,12,0.2554704546928406,0.0487625524401664,1.086863398551941,6.439634323120117,3.6951773166656494
20210305_NE_mockData2_3.tiff,13,0.2812987864017486,0.088796816766262,0.5096696019172668,7.960263252258301,2.149154663085937
20210305_NE_mockData2_3.tiff,14,0.1489175409078598,0.0560718178749084,0.4674842357635498,7.449044704437256,3.7861711978912354
20210305_NE_mockData2_3.tiff,15,0.2349151074886322,0.0450286157429218,0.4838659167289734,6.192927360534668,2.9131972789764404
20210305_NE_mockData2_3.tiff,16,0.1278232336044311,0.075994573533535,0.606195867061615,8.475050926208496,2.072654962539673
20210305_NE_mockData3_1.tiff,1,0.1879885643720626,18.742828369140625,10.783485412597656,5.360048770904541,4.050706386566162
20210305_NE_mockData3_1.tiff,2,0.2047028392553329,3.957294225692749,40.28133773803711,2.314416646957397,3.9933559894561768
20210305_NE_mockData3_1.tiff,3,0.1428571492433548,27.25968742370605,0.8473950624465942,7.782463550567627,3.957763671875
20210305_NE_mockData3_1.tiff,4,0.2197268307209015,22.358871459960938,1.6490883827209473,11.416834831237791,11.544815063476562
20210305_NE_mockData3_1.tiff,5,0.2681770324707031,10.091635704040527,13.51286792755127,6.636124610900879,12.02478313446045
20210305_NE_mockData3_1.tiff,6,0.147949531674385,29.517528533935547,1.7058570384979248,8.286198616027832,2.833702325820923
20210305_NE_mockData3_1.tiff,7,0.1136167868971824,20.927549362182617,11.739044189453123,7.535027503967285,2.31892466545105
20210305_NE_mockData3_1.tiff,8,0.2005593478679657,31.697404861450195,1.352792739868164,9.884902000427246,6.324437618255615
20210305_NE_mockData3_1.tiff,9,0.2240152806043625,15.76705265045166,0.7242726683616638,10.16319751739502,17.510093688964844
20210305_NE_mockData3_1.tiff,10,0.2112078815698623,11.720280647277832,6.372707843780518,9.00472354888916,9.442885398864746
20210305_NE_mockData3_1.tiff,11,0.1572674363851547,15.265889167785645,32.73005676269531,6.247758388519287,3.727203130722046
20210305_NE_mockData3_1.tiff,12,0.3201320767402649,33.253902435302734,0.384973794221878,7.700686454772949,4.385444641113281
20210305_NE_mockData3_1.tiff,13,0.0666666701436042,12.455106735229492,43.71317672729492,2.373135805130005,3.100350379943848
20210305_NE_mockData3_1.tiff,14,0.2575090527534485,30.444786071777344,23.934389114379883,6.319780826568604,4.508931636810303
20210305_NE_mockData3_1.tiff,15,0.223649799823761,14.92502498626709,0.7939356565475464,7.102365016937256,4.530511379241943
20210305_NE_mockData3_1.tiff,16,0.0752299353480339,19.393354415893555,1.598294377326965,6.388529300689697,4.31271505355835
20210305_NE_mockData3_1.tiff,17,0.2470705211162567,12.01618480682373,1.1152586936950684,3.689829587936402,3.783559560775757
20210305_NE_mockData3_1.tiff,18,0.2453449219465255,20.42430686950684,0.522110641002655,10.074514389038086,4.68688440322876
20210305_NE_mockData3_1.tiff,19,0.1194715350866317,9.191851615905762,17.555381774902344,2.940403699874878,2.67913031578064
20210305_NE_mockData3_1.tiff,20,0.2832186818122864,32.198036193847656,0.4098284542560577,9.582056045532228,4.211234092712402
20210305_NE_mockData3_1.tiff,21,0.3290081322193146,22.635337829589844,0.7950596213340759,9.554402351379396,8.107816696166992
20210305_NE_mockData3_1.tiff,22,0.3937683701515198,32.481502532958984,0.5176630020141602,10.284878730773926,3.4071855545043945
20210305_NE_mockData3_1.tiff,23,0.8323692679405212,20.392200469970703,0.3856600522994995,10.31657886505127,6.985835075378418
20210305_NE_mockData3_2.tiff,1,0.3211690783500671,9.991604804992676,3.986541986465454,9.484546661376951,6.391992092132568
20210305_NE_mockData3_2.tiff,2,0.3281886279582977,15.531001091003418,2.183157444000244,6.74128532409668,6.404273986816406
20210305_NE_mockData3_2.tiff,3,0.3389686048030853,15.161903381347656,4.947880268096924,8.58228874206543,4.502054214477539
20210305_NE_mockData3_2.tiff,4,0.412301629781723,37.87244415283203,0.2470566928386688,9.97417449951172,8.761096954345703
20210305_NE_mockData3_2.tiff,5,0.3933410346508026,18.81100082397461,0.3259460031986236,9.204045295715332,2.392498254776001
20210305_NE_mockData3_2.tiff,6,0.2446451634168625,22.7813720703125,0.0669519677758216,6.536448955535889,6.534122943878174
20210305_NE_mockData3_2.tiff,7,0.2139118611812591,19.382436752319336,6.75103235244751,6.192008018493652,3.0103816986083984
20210305_NE_mockData3_2.tiff,8,0.4737903475761413,41.74520111083984,0.1875,9.353370666503906,8.721502304077148
20210305_NE_mockData3_2.tiff,9,0.3247545659542084,12.805275917053224,0.567880392074585,8.288734436035156,7.525623798370361
20210305_NE_mockData3_2.tiff,10,0.2341840863227844,19.17682647705078,0.6887125968933105,12.442431449890137,7.412130355834961
20210305_NE_mockData3_2.tiff,11,0.2000000029802322,6.399677276611328,3.7188174724578857,15.061572074890137,15.966814041137695
20210305_NE_mockData3_2.tiff,12,0.2218028604984283,17.28348159790039,2.859957218170166,10.913283348083496,8.139678001403809
20210305_NE_mockData3_2.tiff,13,0.0370370373129844,12.05917263031006,1.3265401124954224,9.329005241394045,3.098683357238769
20210305_NE_mockData3_2.tiff,14,0.4420605301856994,24.132665634155277,0.702342689037323,10.12016773223877,6.368149757385254
20210305_NE_mockData3_2.tiff,15,0.0697674453258514,35.11869812011719,1.7041956186294556,6.781186103820801,7.381311416625977
20210305_NE_mockData3_2.tiff,16,0.5370697975158691,34.3092041015625,2.773669481277466,7.624895095825195,4.623518943786621
20210305_NE_mockData3_2.tiff,17,0.0827537402510643,8.23093318939209,1.1628741025924685,5.708330631256104,4.649502754211426
20210305_NE_mockData3_2.tiff,18,0.2469465434551239,30.55351448059082,14.529335021972656,5.012251853942871,6.159556865692139
20210305_NE_mockData3_2.tiff,19,0.1733226031064987,6.833943843841553,20.509281158447266,5.73935604095459,4.012855052947998
20210305_NE_mockData3_2.tiff,20,0.7557762265205383,45.4956283569336,1.1295934915542605,8.539578437805176,3.19602632522583
20210305_NE_mockData3_2.tiff,21,0.1997540444135666,20.34528160095215,0.7119830250740051,4.44575834274292,4.556794166564941
20210305_NE_mockData3_2.tiff,22,0.2194674909114837,16.065526962280273,0.808609664440155,6.746459484100342,2.730325937271118
20210305_NE_mockData3_3.tiff,1,0.1947746872901916,12.869784355163574,51.31415939331055,1.3252317905426023,3.848504304885864
20210305_NE_mockData3_3.tiff,2,0.3904700875282287,24.863866806030277,11.942441940307615,2.5902416706085205,3.955303192138672
20210305_NE_mockData3_3.tiff,3,0.2737205326557159,52.62723159790039,0.7469572424888611,3.806941032409668,2.828326940536499
20210305_NE_mockData3_3.tiff,4,0.4203514158725738,66.51141357421875,19.80095863342285,4.431481838226318,6.157506465911865
20210305_NE_mockData3_3.tiff,5,0.6200507283210754,118.65254974365234,0.3626960515975952,4.684088230133057,2.008710622787476
20210305_NE_mockData3_3.tiff,6,0.3718321025371551,105.6829833984375,3.380157232284546,3.52881407737732,1.8115848302841189
20210305_NE_mockData3_3.tiff,7,0.2401269227266311,68.91089630126953,1.0950977802276611,4.262629985809326,2.5117406845092773
20210305_NE_mockData3_3.tiff,8,0.1180635169148445,19.706716537475582,26.189151763916016,1.9295839071273804,2.254064083099365
20210305_NE_mockData3_3.tiff,9,0.4925531446933746,59.10171127319336,0.4093243479728699,3.8408586978912354,2.5329086780548096
20210305_NE_mockData3_3.tiff,10,0.2873993813991546,36.74493789672852,3.5397768020629883,3.7157909870147705,4.036823749542236
20210305_NE_mockData3_3.tiff,11,0.4912158250808716,216.29759216308597,0.5720222592353821,3.874719858169556,2.878938913345337
20210305_NE_mockData3_3.tiff,12,0.3284197747707367,48.86474990844727,0.6689758896827698,4.552608013153076,3.892749786376953
20210305_NE_mockData3_3.tiff,13,0.2162558287382125,31.141700744628903,9.546062469482422,3.84248423576355,2.401449680328369
20210305_NE_mockData3_3.tiff,14,0.3432587385177612,17.502370834350586,1.0111342668533323,4.043388843536377,3.6135213375091553
20210305_NE_mockData3_3.tiff,15,0.4364617466926574,119.61507415771484,0.6032960414886475,4.597097873687744,3.874816417694092
20210305_NE_mockData3_3.tiff,16,0.2485486268997192,41.33729934692383,1.3242368698120115,4.823091983795166,7.945111274719238
20210305_NE_mockData4_1.tiff,1,0.3757364749908447,0.0530068539083004,26.83936882019043,3.9648125171661377,13.28444480895996
20210305_NE_mockData4_1.tiff,2,0.3855797946453094,0.097305804491043,50.17815399169922,5.971495151519775,14.254450798034668
20210305_NE_mockData4_1.tiff,3,0.390118658542633,0.0699950829148292,11.139657020568848,7.741008758544922,14.312764167785645
20210305_NE_mockData4_1.tiff,4,0.3938325643539428,0.092663750052452,33.67842102050781,6.706560134887695,16.029245376586914
20210305_NE_mockData4_1.tiff,5,0.2533069849014282,0.0476190485060215,3.230209827423096,5.763889312744141,20.35292053222656
20210305_NE_mockData4_1.tiff,6,0.1333333402872085,0.0,1.3586905002593994,3.666550874710083,22.14642906188965
20210305_NE_mockData4_1.tiff,7,0.3396539092063904,0.1017325147986412,12.985794067382812,8.897605895996094,8.929726600646973
20210305_NE_mockData4_1.tiff,8,0.4182823598384857,0.0357142873108387,16.927894592285156,6.723555564880371,10.78922176361084
20210305_NE_mockData4_1.tiff,9,0.1149939447641372,0.1147490218281745,11.254250526428224,7.839485168457031,13.363968849182127
20210305_NE_mockData4_1.tiff,10,0.479339599609375,0.0,16.2867431640625,6.380662441253662,4.042673110961914
20210305_NE_mockData4_2.tiff,1,0.4309279024600982,0.0750147700309753,13.996956825256348,4.288492679595947,5.884204864501953
20210305_NE_mockData4_2.tiff,2,0.2999884486198425,0.077609971165657,10.90034294128418,5.123924732208252,7.6984710693359375
20210305_NE_mockData4_2.tiff,3,0.4024569988250732,0.0588235296308994,10.792561531066896,4.474925518035889,5.7973222732543945
20210305_NE_mockData4_2.tiff,4,0.4985338151454925,0.1808105260133743,4.276167869567871,5.060155391693115,14.985522270202637
20210305_NE_mockData4_2.tiff,5,0.4430636763572693,0.0843373462557792,11.376809120178224,5.21728515625,10.66929054260254
20210305_NE_mockData4_2.tiff,6,0.24031363427639,0.0204081628471612,0.404394119977951,4.116844654083252,22.690683364868164
20210305_NE_mockData4_2.tiff,7,0.0799999982118606,0.1856945604085922,0.7717559933662415,4.212334632873535,13.647051811218262
20210305_NE_mockData4_2.tiff,8,0.2812590599060058,0.0816922113299369,34.24204635620117,4.866725921630859,14.717594146728516
20210305_NE_mockData4_2.tiff,9,0.3268222510814667,0.1083918884396553,2.145660877227783,5.065591335296631,15.114795684814451
20210305_NE_mockData4_2.tiff,10,0.2857142984867096,0.0,0.976862609386444,5.125881671905518,18.4985408782959
20210305_NE_mockData4_2.tiff,11,0.5088785886764526,0.0232558138668537,32.919090270996094,7.012228965759277,18.978988647460938
20210305_NE_mockData4_2.tiff,12,0.4028681516647339,0.0384615398943424,3.440260648727417,7.861554145812988,11.796168327331545
20210305_NE_mockData4_2.tiff,13,0.3253140151500702,0.057779423892498,0.7465737462043762,5.764702796936035,22.415752410888672
20210305_NE_mockData4_2.tiff,14,0.281382143497467,0.0805065929889679,33.58818054199219,5.621520519256592,19.019073486328125
20210305_NE_mockData4_2.tiff,15,0.3097112476825714,0.0322580635547637,13.809969902038574,6.910688400268555,27.462064743041992
20210305_NE_mockData4_2.tiff,16,0.0430107526481151,0.0645161271095275,125.90996551513672,1.2419190406799316,4.176772117614746
20210305_NE_mockData4_2.tiff,17,0.1523233950138092,0.0596174746751785,16.807619094848633,4.0404253005981445,37.531986236572266
20210305_NE_mockData4_2.tiff,18,0.2275097370147705,0.0291970800608396,8.384044647216797,4.417185306549072,11.53139591217041
20210305_NE_mockData4_2.tiff,19,0.2037253230810165,0.0769230797886848,18.394207000732425,5.6691203117370605,26.45903778076172
20210305_NE_mockData4_2.tiff,20,0.1256800144910812,0.0666274353861808,65.7049331665039,3.836978912353516,11.053518295288086
20210305_NE_mockData4_2.tiff,21,0.1569976806640625,0.0333333350718021,61.83681869506836,5.821613788604736,9.919821739196776
20210305_NE_mockData4_2.tiff,22,0.0607685670256614,0.0545907877385616,44.881439208984375,3.786909341812134,9.970220565795898
20210305_NE_mockData4_3.tiff,1,0.1302701830863952,0.0492816790938377,66.75033569335938,5.641276836395264,9.620281219482422
20210305_NE_mockData4_3.tiff,2,0.0767432674765586,0.062859833240509,40.607460021972656,5.843824863433838,8.617135047912598
20210305_NE_mockData4_3.tiff,3,0.3474441766738891,0.0429475605487823,37.46823120117188,5.855679035186768,10.985383987426758
20210305_NE_mockData4_3.tiff,4,0.0217391308397054,0.1431892216205597,23.971742630004883,0.912219226360321,3.566840410232544
20210305_NE_mockData4_3.tiff,5,0.2576825022697449,0.0476190485060215,40.500484466552734,7.632814884185791,7.285813331604004
20210305_NE_mockData4_3.tiff,6,0.1631582677364349,0.0549286492168903,36.79933166503906,3.675625801086426,10.092957496643066
20210305_NE_mockData4_3.tiff,7,0.1105916425585746,0.0704991295933723,37.37890625,4.975968360900879,9.153342247009276
20210305_NE_mockData4_3.tiff,8,0.278882771730423,0.0588235296308994,19.60776901245117,3.3151705265045166,8.771171569824219
20210305_NE_mockData4_3.tiff,9,0.207191914319992,0.0626531466841697,33.935569763183594,2.71044659614563,8.367328643798828
20210305_NE_mockData4_3.tiff,10,0.2094577401876449,0.0510134100914001,68.0774917602539,5.2439446449279785,5.787020206451416
20210305_NE_mockData4_3.tiff,11,0.3261898756027221,0.1272727251052856,21.375961303710938,6.559719562530518,15.745813369750977
20210305_NE_mockData4_3.tiff,12,0.2828524708747864,0.025000000372529,12.462003707885742,4.459656238555908,10.495583534240724
20210305_NE_mockData4_3.tiff,13,0.3346961140632629,0.0521752908825874,3.302795886993408,7.649125576019287,14.521553993225098
20210305_NE_mockData4_3.tiff,14,0.13944673538208,0.0617283955216407,1.189116358757019,5.59247636795044,5.985161781311035
20210305_NE_mockData4_3.tiff,15,0.1030584424734115,0.0805610343813896,8.73123836517334,4.398205757141113,19.088117599487305
20210305_NE_mockData4_3.tiff,16,0.4467889070510864,0.068906120955944,70.7999038696289,5.443911075592041,7.195259094238281
20210305_NE_mockData4_3.tiff,17,0.072720006108284,0.1527873575687408,10.687407493591309,4.47324800491333,9.964130401611328
20210305_NE_mockData4_3.tiff,18,0.1777536123991012,0.0662172436714172,34.408042907714844,4.378722667694092,13.618117332458496
20210305_NE_mockData4_3.tiff,19,0.3697111010551452,0.0770473107695579,22.6888370513916,7.820845603942871,17.437986373901367
20210305_NE_mockData4_3.tiff,20,0.1893398761749267,0.0434782616794109,0.6272181272506714,7.208650588989258,10.482854843139648
20210305_NE_mockData4_3.tiff,21,0.1328176409006118,0.0811080187559127,12.071659088134766,9.405912399291992,11.620113372802734
20210305_NE_mockData4_3.tiff,22,0.4439491629600525,0.0627138614654541,45.59995651245117,8.26673412322998,9.492705345153809
20210305_NE_mockData4_3.tiff,23,0.2951919436454773,0.0365853644907474,8.318882942199707,6.104091644287109,20.992130279541016
20210305_NE_mockData4_3.tiff,24,0.0633473768830299,0.0315041467547416,20.04738426208496,7.224083423614502,9.694808959960938
20210305_NE_mockData4_3.tiff,25,0.3941917419433594,0.0861002132296562,11.18815803527832,8.831226348876953,14.698379516601562
20210305_NE_mockData4_3.tiff,26,0.1490525752305984,0.0833025723695755,4.656286239624023,4.44331169128418,10.377904891967772
20210305_NE_mockData4_3.tiff,27,0.1107876673340797,0.16970956325531,11.53940486907959,12.827878952026367,14.821243286132812
20210305_NE_mockData4_3.tiff,28,0.1097535416483879,0.0866208299994468,45.6552848815918,2.300905227661133,6.754363536834717
20210305_NE_mockData4_3.tiff,29,0.0326051637530326,0.0700387805700302,56.05625915527344,1.7616219520568848,5.663278102874756
20210305_NE_mockData5_1.tiff,1,0.1912228018045425,0.0178571436554193,0.5186120867729187,5.868555545806885,5.015173435211182
20210305_NE_mockData5_1.tiff,2,0.2161221802234649,0.0444444455206394,1.00353741645813,5.989540100097656,4.331414222717285
20210305_NE_mockData5_1.tiff,3,0.3164444267749786,0.0707964599132537,0.8636678457260132,5.844202995300293,8.621671676635742
20210305_NE_mockData5_1.tiff,4,0.4522930383682251,0.0480317845940589,0.9547173380851746,7.378891944885254,7.2533440589904785
20210305_NE_mockData5_1.tiff,5,0.4645601809024811,0.0903961211442947,0.6721760630607605,4.6333513259887695,3.056724786758423
20210305_NE_mockData5_1.tiff,6,0.3519448041915893,0.036363635212183,0.4252045452594757,11.042440414428713,19.076908111572266
20210305_NE_mockData5_1.tiff,7,0.4937390983104706,0.0778374001383781,0.4711669683456421,5.4085001945495605,15.138235092163086
20210305_NE_mockData5_1.tiff,8,0.2554501593112945,0.020833333954215,0.7394431233406067,6.068565845489502,10.577113151550291
20210305_NE_mockData5_1.tiff,9,0.0800239592790603,0.0,0.5702789425849915,10.799772262573242,6.0504655838012695
20210305_NE_mockData5_1.tiff,10,0.2033477276563644,0.1142857149243354,1.251053810119629,9.813892364501951,14.835457801818848
20210305_NE_mockData5_1.tiff,11,0.2572226822376251,0.1022149622440338,11.880995750427246,6.2219767570495605,6.667874336242676
20210305_NE_mockData5_1.tiff,12,0.6473267674446106,0.0774746090173721,0.618432343006134,5.946461200714111,6.567483901977539
20210305_NE_mockData5_1.tiff,13,0.584384560585022,0.0692558959126472,0.4030027091503143,5.415792942047119,7.204250812530518
20210305_NE_mockData5_1.tiff,14,0.3537051081657409,0.067992627620697,1.0217972993850708,5.557861328125,7.065644264221191
20210305_NE_mockData5_2.tiff,1,0.5086712837219238,0.073529414832592,3.131260395050049,5.941753387451172,4.744274139404297
20210305_NE_mockData5_2.tiff,2,0.6807288527488708,0.0212765950709581,0.5421966910362244,6.831507682800293,3.218261957168579
20210305_NE_mockData5_2.tiff,3,0.929321825504303,0.109989233314991,0.86663818359375,8.799556732177734,6.1592278480529785
20210305_NE_mockData5_2.tiff,4,0.7330081462860107,0.0416978783905506,3.327666759490967,8.085062026977539,6.417738437652588
20210305_NE_mockData5_2.tiff,5,0.4918656051158905,0.0562089048326015,0.7178372740745544,6.627171993255615,4.1752119064331055
20210305_NE_mockData5_2.tiff,6,0.3760681748390198,0.0577865093946456,0.6320961713790894,7.050175189971924,6.118563175201416
20210305_NE_mockData5_2.tiff,7,0.6272534728050232,0.0399999991059303,0.1767300963401794,6.796833515167236,9.718564987182615
20210305_NE_mockData5_2.tiff,8,0.2124409675598144,0.0725837498903274,3.4987568855285645,8.804073333740234,11.396790504455566
20210305_NE_mockData5_2.tiff,9,0.2628141641616821,0.0844610929489135,4.980037212371826,6.276828289031982,18.688756942749023
20210305_NE_mockData5_2.tiff,10,0.3305922746658325,0.1002758890390396,0.5838741660118103,8.982518196105957,6.488246917724609
20210305_NE_mockData5_2.tiff,11,0.722500741481781,0.0303030312061309,0.8610460758209229,7.56483268737793,6.712422847747803
20210305_NE_mockData5_2.tiff,12,0.6615124940872192,0.0921077206730842,1.0056949853897097,8.538128852844238,6.074373245239258
20210305_NE_mockData5_2.tiff,13,0.2727101147174835,0.0549450553953647,10.38042449951172,8.116376876831055,9.766924858093262
20210305_NE_mockData5_2.tiff,14,0.4274022579193115,0.0259740259498357,9.195534706115724,10.25319004058838,9.02325439453125
20210305_NE_mockData5_2.tiff,15,0.744062066078186,0.0727424100041389,0.8501927852630615,8.30763053894043,4.882719039916992
20210305_NE_mockData5_2.tiff,16,0.3118284940719604,0.0333333350718021,12.7488431930542,8.36685848236084,5.02782154083252
20210305_NE_mockData5_2.tiff,17,0.3521043360233307,0.0758378952741622,0.6453417539596558,7.724370002746582,5.079954147338867
20210305_NE_mockData5_2.tiff,18,0.5451756715774536,0.0666666701436042,0.1785947531461715,8.917389869689941,11.72097873687744
20210305_NE_mockData5_2.tiff,19,0.6045310497283936,0.040363609790802,19.48635482788086,9.419839859008787,12.375682830810549
20210305_NE_mockData5_2.tiff,20,0.5392335653305054,0.0446990802884101,17.451566696166992,9.792718887329102,10.203675270080566
20210305_NE_mockData5_2.tiff,21,0.3251142203807831,0.1075778901576995,69.02037048339844,7.226843357086182,6.342069149017334
20210305_NE_mockData5_2.tiff,22,0.4635007679462433,0.0300097130239009,5.196757316589356,8.612662315368652,14.751643180847168
20210305_NE_mockData5_2.tiff,23,0.1754582971334457,0.0,36.73379135131836,5.627529144287109,4.253828525543213
20210305_NE_mockData5_2.tiff,24,0.7228536605834961,0.0416666679084301,17.02116584777832,7.596551418304443,13.136252403259276
20210305_NE_mockData5_2.tiff,25,0.0799999982118606,0.0702921375632286,43.13799285888672,2.6134374141693115,5.327550888061523
20210305_NE_mockData5_2.tiff,26,0.7897417545318604,0.0232558138668537,21.489187240600582,4.656988620758057,2.7029924392700195
20210305_NE_mockData5_2.tiff,27,0.2699533998966217,0.0275620389729738,34.01978302001953,8.153593063354492,11.31833839416504
20210305_NE_mockData5_2.tiff,28,0.2849364280700683,0.0471571385860443,92.73959350585938,4.807358264923096,4.425024509429932
20210305_NE_mockData5_2.tiff,29,0.1146029382944107,0.0742286443710327,34.35539245605469,4.071685314178467,8.564699172973633
20210305_NE_mockData5_2.tiff,30,0.0270270276814699,0.0810810774564743,27.48510360717773,2.14633846282959,3.3623359203338623
20210305_NE_mockData5_2.tiff,31,0.5435689687728882,0.0491803288459777,52.23336410522461,4.739645957946777,6.481690406799316
20210305_NE_mockData5_2.tiff,32,0.5896168351173401,0.0533620230853557,7.943373203277588,5.095311641693115,6.7457427978515625
20210305_NE_mockData5_2.tiff,33,0.6156482100486755,0.0877401307225227,18.856538772583008,7.0707106590271,5.022106647491455
20210305_NE_mockData5_2.tiff,34,0.2793312072753906,0.0,19.640777587890625,5.744022369384766,6.690430641174316
20210305_NE_mockData5_2.tiff,35,0.1793085187673568,0.0625,1.8482836484909055,4.2403106689453125,3.706779956817627
20210305_NE_mockData5_2.tiff,36,0.202545091509819,0.0413132719695568,5.200923919677734,7.345675468444824,7.048854351043701
20210305_NE_mockData5_2.tiff,37,0.5334503054618835,0.0652082413434982,1.2101449966430664,6.9112324714660645,4.6200714111328125
20210305_NE_mockData5_2.tiff,38,0.2443463206291198,0.0881941244006156,15.6902494430542,5.19297981262207,6.730510234832764
20210305_NE_mockData5_2.tiff,39,0.4572758972644806,0.0,36.30049514770508,5.535101890563965,9.85691261291504
20210305_NE_mockData5_2.tiff,40,0.7537627220153809,0.0903578847646713,43.771461486816406,7.08505392074585,9.988385200500488
20210305_NE_mockData5_2.tiff,41,0.3831724226474762,0.1302684247493744,43.33968353271485,8.195486068725586,7.047670841217041
20210305_NE_mockData5_2.tiff,42,0.7535188794136047,0.1510896384716034,1.8992319107055664,5.469660758972168,2.4592111110687256
20210305_NE_mockData5_3.tiff,1,0.4464836120605469,0.0942196026444435,0.2130219787359237,2.339583396911621,7.554645538330078
20210305_NE_mockData5_3.tiff,2,0.293516606092453,0.0821730121970176,0.8031887412071228,2.597060203552246,9.727532386779783
20210305_NE_mockData5_3.tiff,3,0.2809081673622131,0.1087290719151496,0.2994120419025421,4.733242034912109,8.342164993286133
20210305_NE_mockData5_3.tiff,4,0.357060968875885,0.0918100923299789,0.1324776262044906,2.641152858734131,4.886147975921631
20210305_NE_mockData5_3.tiff,5,0.4398833513259887,0.0853352323174476,0.3076595962047577,3.54047966003418,15.40001392364502
20210305_NE_mockData5_3.tiff,6,0.2431899607181549,0.0606060624122619,0.4784340858459472,2.521334171295166,4.756329536437988
20210305_NE_mockData5_3.tiff,7,0.0946166515350341,0.0845070406794548,0.4412243664264679,3.6107332706451416,22.07718086242676
20210305_NE_mockData5_3.tiff,8,0.1428571492433548,0.0761323124170303,0.5968888401985168,3.2615599632263184,7.027030944824219
20210305_NE_mockData5_3.tiff,9,0.3697996735572815,0.0615523196756839,0.2754952311515808,3.341860055923462,14.212236404418944
20210305_NE_mockData5_3.tiff,10,0.0843373462557792,0.0602409653365612,0.2253879457712173,3.0534884929656982,4.8419365882873535
20210305_NE_mockData5_3.tiff,11,0.407412052154541,0.0708340108394622,0.5127696990966797,3.7099552154541016,9.628795623779297
20210305_NE_mockData5_3.tiff,12,0.2542535066604614,0.0745872259140014,0.3116384744644165,4.134542465209961,7.580212593078613
20210305_NE_mockData5_3.tiff,13,0.0715188160538673,0.0769035071134567,0.2901315987110138,3.643023729324341,4.536911010742188
20210305_NE_mockData5_3.tiff,14,0.3680525124073028,0.0169491525739431,0.1370536088943481,5.95325231552124,6.694291591644287
20210305_NE_mockData5_3.tiff,15,0.1207249239087104,0.1060153916478157,0.3868002891540527,4.7364821434021,10.903533935546877
20210305_NE_mockData5_3.tiff,16,0.184400662779808,0.0535714291036129,0.7527141571044922,3.755769729614258,5.465432167053223
20210305_NE_mockData5_3.tiff,17,0.1674992144107818,0.0935226380825042,0.40855273604393,3.995406150817871,22.49365234375
20210305_NE_mockData5_3.tiff,18,0.3408001065254211,0.0451666302978992,0.6027618050575256,4.159739971160889,6.947906970977783
20210305_NE_mockData5_3.tiff,19,0.6164495944976807,0.1010833457112312,1.035355567932129,3.749279260635376,7.809047698974609
20210305_NE_mockData5_3.tiff,20,0.2483356744050979,0.0576923079788684,0.5690005421638489,7.516844749450684,5.70274019241333
20210305_NE_mockData5_3.tiff,21,0.0546359047293663,0.0454545468091964,0.1660040318965912,4.532463073730469,21.40817070007324
20210305_NE_mockData5_3.tiff,22,0.4433185160160064,0.0951578617095947,0.4442256689071655,5.837235450744629,4.907305717468262
20210305_NE_mockData5_3.tiff,23,0.0625,0.0452636405825614,0.3776925504207611,4.693267345428467,14.3638277053833
20210305_NE_mockData5_3.tiff,24,0.2667164206504822,0.1365400105714798,0.9608995914459229,4.881764888763428,11.331093788146973
20210305_NE_mockData5_3.tiff,25,0.5132264494895935,0.0833333358168602,0.4864400625228882,4.332863807678223,15.145825386047363
20210305_NE_mockData5_3.tiff,26,0.3331326842308044,0.0728510320186615,0.4396829903125763,9.239272117614746,10.385244369506836
20210305_NE_mockData5_3.tiff,27,0.402766078710556,0.0922861248254776,0.1808603405952453,8.880951881408691,5.270661354064941
20210305_NE_mockData5_3.tiff,28,0.6896799802780151,0.1319516003131866,0.5865386128425598,7.618950366973877,10.214111328125
20210305_NE_mockData5_3.tiff,29,0.3713559806346893,0.1386458277702331,1.0183043479919434,3.90935492515564,7.408292293548584
20210305_NE_mockData5_3.tiff,30,0.5816600322723389,0.076971985399723,0.58069908618927,5.673290729522705,6.596814632415772
20210305_NE_mockData5_3.tiff,31,0.2929467558860779,0.0935393497347831,0.3347942233085632,6.0777997970581055,9.290912628173828
20210305_NE_mockData5_3.tiff,32,0.4970486462116241,0.0689929351210594,0.5474656224250793,6.534029960632324,10.50130558013916
20210305_NE_mockData5_3.tiff,33,0.3740690648555755,0.1401206105947494,0.4702143967151642,8.85608959197998,6.859093189239502
20210305_NE_mockData5_3.tiff,34,0.281499445438385,0.3244796395301819,0.6842935085296631,6.498103141784668,7.899162769317627
20210305_NE_mockData5_3.tiff,35,0.5215080976486206,0.0810810774564743,0.3281601369380951,4.196420669555664,4.64419412612915
20210305_NE_mockData5_3.tiff,36,0.2145564407110214,0.0474940426647663,0.3911813199520111,6.730583667755127,8.163010597229004
20210305_NE_mockData5_3.tiff,37,0.5129036903381348,0.1522449851036071,0.4493672847747803,5.595389366149902,13.157532691955566
20210305_NE_mockData5_3.tiff,38,0.3986725211143493,0.1621823906898498,0.4997491538524627,7.0311384201049805,14.021793365478516
20210305_NE_mockData5_3.tiff,39,0.3413745164871216,0.1010106727480888,0.3809316754341125,5.632246971130371,5.838206768035889
20210305_NE_mockData5_3.tiff,40,0.3535349667072296,0.0703891739249229,0.4112971127033233,6.503699779510498,10.89256477355957
20210305_NE_mockData5_3.tiff,41,0.2943373322486877,0.0763869285583496,0.5718297958374023,4.439523220062256,12.307801246643066
20210305_NE_mockData5_3.tiff,42,0.3577562272548675,0.0,0.19486665725708,0.455762505531311,6.375649929046631
